dataset_key,scenario,k_true,data_seed,k_model,sampler,n_chains,block,kernel_id,n_divergent,frac_divergent,mean_acceptance,max_treedepth,mean_treedepth,frac_max_treedepth,max_leapfrog,mean_leapfrog
std_s01,standard,1,1,1,hmc,2,sigma_inv_chol_latent,kernel_00,0,0.0,0.9244993329048156,,,,,
std_s01,standard,1,1,1,hmc,2,mu,kernel_01,0,0.0,0.933850884437561,,,,,
std_s01,standard,1,1,1,hmc,2,Delta,kernel_02,0,0.0,0.9178462028503418,,,,,
std_s01,standard,1,1,1,hmc,2,beta_i,kernel_03,0,0.0,0.8896878957748413,,,,,
std_s02,standard,1,2,1,hmc,2,sigma_inv_chol_latent,kernel_00,0,0.0,0.928655743598938,,,,,
std_s02,standard,1,2,1,hmc,2,mu,kernel_01,0,0.0,0.93010812997818,,,,,
std_s02,standard,1,2,1,hmc,2,Delta,kernel_02,0,0.0,0.9127385020256042,,,,,
std_s02,standard,1,2,1,hmc,2,beta_i,kernel_03,0,0.0,0.8837611079216003,,,,,
std_s03,standard,1,3,1,hmc,2,sigma_inv_chol_latent,kernel_00,0,0.0,0.918249011039734,,,,,
std_s03,standard,1,3,1,hmc,2,mu,kernel_01,0,0.0,0.9340760707855223,,,,,
std_s03,standard,1,3,1,hmc,2,Delta,kernel_02,0,0.0,0.92120623588562,,,,,
std_s03,standard,1,3,1,hmc,2,beta_i,kernel_03,0,0.0,0.8989028334617615,,,,,
std_s04,standard,1,4,1,hmc,2,sigma_inv_chol_latent,kernel_00,0,0.0,0.9175493121147156,,,,,
std_s04,standard,1,4,1,hmc,2,mu,kernel_01,0,0.0,0.926932156085968,,,,,
std_s04,standard,1,4,1,hmc,2,Delta,kernel_02,0,0.0,0.9047447443008424,,,,,
std_s04,standard,1,4,1,hmc,2,beta_i,kernel_03,0,0.0,0.8978273272514343,,,,,
std_s05,standard,1,5,1,hmc,2,sigma_inv_chol_latent,kernel_00,0,0.0,0.9240354299545288,,,,,
std_s05,standard,1,5,1,hmc,2,mu,kernel_01,0,0.0,0.9055795669555664,,,,,
std_s05,standard,1,5,1,hmc,2,Delta,kernel_02,0,0.0,0.923547863960266,,,,,
std_s05,standard,1,5,1,hmc,2,beta_i,kernel_03,0,0.0,0.8856685757637024,,,,,
std_s06,standard,1,6,1,hmc,2,sigma_inv_chol_latent,kernel_00,0,0.0,0.9136589765548706,,,,,
std_s06,standard,1,6,1,hmc,2,mu,kernel_01,0,0.0,0.9379691481590272,,,,,
std_s06,standard,1,6,1,hmc,2,Delta,kernel_02,0,0.0,0.9217400550842284,,,,,
std_s06,standard,1,6,1,hmc,2,beta_i,kernel_03,0,0.0,0.8831449151039124,,,,,
std_s07,standard,1,7,1,hmc,2,sigma_inv_chol_latent,kernel_00,0,0.0,0.91918683052063,,,,,
std_s07,standard,1,7,1,hmc,2,mu,kernel_01,0,0.0,0.940893530845642,,,,,
std_s07,standard,1,7,1,hmc,2,Delta,kernel_02,0,0.0,0.925560712814331,,,,,
std_s07,standard,1,7,1,hmc,2,beta_i,kernel_03,0,0.0,0.8944225311279297,,,,,
std_s08,standard,1,8,1,hmc,2,sigma_inv_chol_latent,kernel_00,0,0.0,0.9166969656944276,,,,,
std_s08,standard,1,8,1,hmc,2,mu,kernel_01,0,0.0,0.9265097379684448,,,,,
std_s08,standard,1,8,1,hmc,2,Delta,kernel_02,0,0.0,0.9097375273704528,,,,,
std_s08,standard,1,8,1,hmc,2,beta_i,kernel_03,0,0.0,0.900246262550354,,,,,
std_s09,standard,1,9,1,hmc,2,sigma_inv_chol_latent,kernel_00,0,0.0,0.9152564406394958,,,,,
std_s09,standard,1,9,1,hmc,2,mu,kernel_01,0,0.0,0.9404886960983276,,,,,
std_s09,standard,1,9,1,hmc,2,Delta,kernel_02,0,0.0,0.9255857467651368,,,,,
std_s09,standard,1,9,1,hmc,2,beta_i,kernel_03,0,0.0,0.9096456170082092,,,,,
std_s100,standard,1,100,1,hmc,2,sigma_inv_chol_latent,kernel_00,0,0.0,0.9072715640068054,,,,,
std_s100,standard,1,100,1,hmc,2,mu,kernel_01,0,0.0,0.9254445433616638,,,,,
std_s100,standard,1,100,1,hmc,2,Delta,kernel_02,0,0.0,0.9002941250801086,,,,,
std_s100,standard,1,100,1,hmc,2,beta_i,kernel_03,0,0.0,0.888771116733551,,,,,
std_s10,standard,1,10,1,hmc,2,sigma_inv_chol_latent,kernel_00,0,0.0,0.9109726548194884,,,,,
std_s10,standard,1,10,1,hmc,2,mu,kernel_01,0,0.0,0.9254644513130188,,,,,
std_s10,standard,1,10,1,hmc,2,Delta,kernel_02,0,0.0,0.9010611176490784,,,,,
std_s10,standard,1,10,1,hmc,2,beta_i,kernel_03,0,0.0,0.9012803435325624,,,,,
std_s11,standard,1,11,1,hmc,2,sigma_inv_chol_latent,kernel_00,0,0.0,0.9251148700714112,,,,,
std_s11,standard,1,11,1,hmc,2,mu,kernel_01,0,0.0,0.9348245859146118,,,,,
std_s11,standard,1,11,1,hmc,2,Delta,kernel_02,0,0.0,0.9198994040489196,,,,,
std_s11,standard,1,11,1,hmc,2,beta_i,kernel_03,0,0.0,0.8970453143119812,,,,,
std_s12,standard,1,12,1,hmc,2,sigma_inv_chol_latent,kernel_00,0,0.0,0.9107317328453064,,,,,
std_s12,standard,1,12,1,hmc,2,mu,kernel_01,0,0.0,0.9281824231147766,,,,,
std_s12,standard,1,12,1,hmc,2,Delta,kernel_02,0,0.0,0.9267773628234864,,,,,
std_s12,standard,1,12,1,hmc,2,beta_i,kernel_03,0,0.0,0.8881328105926514,,,,,
std_s13,standard,1,13,1,hmc,2,sigma_inv_chol_latent,kernel_00,0,0.0,0.9225099682807922,,,,,
std_s13,standard,1,13,1,hmc,2,mu,kernel_01,0,0.0,0.9180718660354614,,,,,
std_s13,standard,1,13,1,hmc,2,Delta,kernel_02,0,0.0,0.9237551689147948,,,,,
std_s13,standard,1,13,1,hmc,2,beta_i,kernel_03,0,0.0,0.891747236251831,,,,,
std_s14,standard,1,14,1,hmc,2,sigma_inv_chol_latent,kernel_00,0,0.0,0.910553514957428,,,,,
std_s14,standard,1,14,1,hmc,2,mu,kernel_01,0,0.0,0.9311685562133788,,,,,
std_s14,standard,1,14,1,hmc,2,Delta,kernel_02,0,0.0,0.9163954854011536,,,,,
std_s14,standard,1,14,1,hmc,2,beta_i,kernel_03,0,0.0,0.893605649471283,,,,,
std_s15,standard,1,15,1,hmc,2,sigma_inv_chol_latent,kernel_00,0,0.0,0.9143308401107788,,,,,
std_s15,standard,1,15,1,hmc,2,mu,kernel_01,0,0.0,0.9228278398513794,,,,,
std_s15,standard,1,15,1,hmc,2,Delta,kernel_02,0,0.0,0.9241631031036376,,,,,
std_s15,standard,1,15,1,hmc,2,beta_i,kernel_03,0,0.0,0.8828580975532532,,,,,
std_s16,standard,1,16,1,hmc,2,sigma_inv_chol_latent,kernel_00,0,0.0,0.9277508854866028,,,,,
std_s16,standard,1,16,1,hmc,2,mu,kernel_01,0,0.0,0.9416265487670898,,,,,
std_s16,standard,1,16,1,hmc,2,Delta,kernel_02,0,0.0,0.917084276676178,,,,,
std_s16,standard,1,16,1,hmc,2,beta_i,kernel_03,0,0.0,0.8993944525718689,,,,,
std_s17,standard,1,17,1,hmc,2,sigma_inv_chol_latent,kernel_00,0,0.0,0.9208242893218994,,,,,
std_s17,standard,1,17,1,hmc,2,mu,kernel_01,0,0.0,0.9440403580665588,,,,,
std_s17,standard,1,17,1,hmc,2,Delta,kernel_02,0,0.0,0.9114385843276978,,,,,
std_s17,standard,1,17,1,hmc,2,beta_i,kernel_03,0,0.0,0.9086477756500244,,,,,
std_s18,standard,1,18,1,hmc,2,sigma_inv_chol_latent,kernel_00,0,0.0,0.8920183777809143,,,,,
std_s18,standard,1,18,1,hmc,2,mu,kernel_01,0,0.0,0.9324142336845398,,,,,
std_s18,standard,1,18,1,hmc,2,Delta,kernel_02,0,0.0,0.9179251790046692,,,,,
std_s18,standard,1,18,1,hmc,2,beta_i,kernel_03,0,0.0,0.8988240361213684,,,,,
std_s19,standard,1,19,1,hmc,2,sigma_inv_chol_latent,kernel_00,0,0.0,0.9145703911781312,,,,,
std_s19,standard,1,19,1,hmc,2,mu,kernel_01,0,0.0,0.9318795204162598,,,,,
std_s19,standard,1,19,1,hmc,2,Delta,kernel_02,0,0.0,0.9126189351081848,,,,,
std_s19,standard,1,19,1,hmc,2,beta_i,kernel_03,0,0.0,0.9041993021965028,,,,,
std_s20,standard,1,20,1,hmc,2,sigma_inv_chol_latent,kernel_00,0,0.0,0.9175814390182496,,,,,
std_s20,standard,1,20,1,hmc,2,mu,kernel_01,0,0.0,0.9587602615356444,,,,,
std_s20,standard,1,20,1,hmc,2,Delta,kernel_02,0,0.0,0.9303967952728271,,,,,
std_s20,standard,1,20,1,hmc,2,beta_i,kernel_03,0,0.0,0.9092108607292176,,,,,
std_s21,standard,1,21,1,hmc,2,sigma_inv_chol_latent,kernel_00,0,0.0,0.9039613008499146,,,,,
std_s21,standard,1,21,1,hmc,2,mu,kernel_01,0,0.0,0.9348503947257996,,,,,
std_s21,standard,1,21,1,hmc,2,Delta,kernel_02,0,0.0,0.9186493158340454,,,,,
std_s21,standard,1,21,1,hmc,2,beta_i,kernel_03,0,0.0,0.8927429914474487,,,,,
std_s22,standard,1,22,1,hmc,2,sigma_inv_chol_latent,kernel_00,0,0.0,0.9209097623825072,,,,,
std_s22,standard,1,22,1,hmc,2,mu,kernel_01,0,0.0,0.9410831928253174,,,,,
std_s22,standard,1,22,1,hmc,2,Delta,kernel_02,0,0.0,0.9142908453941344,,,,,
std_s22,standard,1,22,1,hmc,2,beta_i,kernel_03,0,0.0,0.8973575234413147,,,,,
std_s23,standard,1,23,1,hmc,2,sigma_inv_chol_latent,kernel_00,0,0.0,0.9415103793144226,,,,,
std_s23,standard,1,23,1,hmc,2,mu,kernel_01,0,0.0,0.9313501715660096,,,,,
std_s23,standard,1,23,1,hmc,2,Delta,kernel_02,0,0.0,0.9185194373130798,,,,,
std_s23,standard,1,23,1,hmc,2,beta_i,kernel_03,0,0.0,0.8814007639884949,,,,,
std_s24,standard,1,24,1,hmc,2,sigma_inv_chol_latent,kernel_00,0,0.0,0.9183531403541564,,,,,
std_s24,standard,1,24,1,hmc,2,mu,kernel_01,0,0.0,0.9387438297271729,,,,,
std_s24,standard,1,24,1,hmc,2,Delta,kernel_02,0,0.0,0.9247220754623412,,,,,
std_s24,standard,1,24,1,hmc,2,beta_i,kernel_03,0,0.0,0.8949517607688904,,,,,
std_s25,standard,1,25,1,hmc,2,sigma_inv_chol_latent,kernel_00,0,0.0,0.8877982497215271,,,,,
std_s25,standard,1,25,1,hmc,2,mu,kernel_01,0,0.0,0.9364289045333862,,,,,
std_s25,standard,1,25,1,hmc,2,Delta,kernel_02,0,0.0,0.9112273454666138,,,,,
std_s25,standard,1,25,1,hmc,2,beta_i,kernel_03,0,0.0,0.9008654356002808,,,,,
std_s26,standard,1,26,1,hmc,2,sigma_inv_chol_latent,kernel_00,0,0.0,0.9102255702018738,,,,,
std_s26,standard,1,26,1,hmc,2,mu,kernel_01,0,0.0,0.9299403429031372,,,,,
std_s26,standard,1,26,1,hmc,2,Delta,kernel_02,0,0.0,0.920339286327362,,,,,
std_s26,standard,1,26,1,hmc,2,beta_i,kernel_03,0,0.0,0.8977387547492981,,,,,
std_s27,standard,1,27,1,hmc,2,sigma_inv_chol_latent,kernel_00,0,0.0,0.9049564599990844,,,,,
std_s27,standard,1,27,1,hmc,2,mu,kernel_01,0,0.0,0.9404804706573486,,,,,
std_s27,standard,1,27,1,hmc,2,Delta,kernel_02,0,0.0,0.9255256056785583,,,,,
std_s27,standard,1,27,1,hmc,2,beta_i,kernel_03,0,0.0,0.897394061088562,,,,,
std_s28,standard,1,28,1,hmc,2,sigma_inv_chol_latent,kernel_00,0,0.0,0.9164509773254396,,,,,
std_s28,standard,1,28,1,hmc,2,mu,kernel_01,0,0.0,0.929980456829071,,,,,
std_s28,standard,1,28,1,hmc,2,Delta,kernel_02,0,0.0,0.9204005002975464,,,,,
std_s28,standard,1,28,1,hmc,2,beta_i,kernel_03,0,0.0,0.8936183452606201,,,,,
std_s29,standard,1,29,1,hmc,2,sigma_inv_chol_latent,kernel_00,0,0.0,0.9136849641799928,,,,,
std_s29,standard,1,29,1,hmc,2,mu,kernel_01,0,0.0,0.9452753663063048,,,,,
std_s29,standard,1,29,1,hmc,2,Delta,kernel_02,0,0.0,0.9277048110961914,,,,,
std_s29,standard,1,29,1,hmc,2,beta_i,kernel_03,0,0.0,0.8946630954742432,,,,,
std_s30,standard,1,30,1,hmc,2,sigma_inv_chol_latent,kernel_00,0,0.0,0.9267244338989258,,,,,
std_s30,standard,1,30,1,hmc,2,mu,kernel_01,0,0.0,0.9323185682296752,,,,,
std_s30,standard,1,30,1,hmc,2,Delta,kernel_02,0,0.0,0.9102892875671388,,,,,
std_s30,standard,1,30,1,hmc,2,beta_i,kernel_03,0,0.0,0.9018058776855468,,,,,
std_s31,standard,1,31,1,hmc,2,sigma_inv_chol_latent,kernel_00,0,0.0,0.9184998273849488,,,,,
std_s31,standard,1,31,1,hmc,2,mu,kernel_01,0,0.0,0.9227679967880248,,,,,
std_s31,standard,1,31,1,hmc,2,Delta,kernel_02,0,0.0,0.913310170173645,,,,,
std_s31,standard,1,31,1,hmc,2,beta_i,kernel_03,0,0.0,0.8865029215812683,,,,,
std_s32,standard,1,32,1,hmc,2,sigma_inv_chol_latent,kernel_00,0,0.0,0.9147640466690063,,,,,
std_s32,standard,1,32,1,hmc,2,mu,kernel_01,0,0.0,0.9454361200332642,,,,,
std_s32,standard,1,32,1,hmc,2,Delta,kernel_02,0,0.0,0.9246987104415894,,,,,
std_s32,standard,1,32,1,hmc,2,beta_i,kernel_03,0,0.0,0.8908195495605469,,,,,
std_s33,standard,1,33,1,hmc,2,sigma_inv_chol_latent,kernel_00,0,0.0,0.9113775491714478,,,,,
std_s33,standard,1,33,1,hmc,2,mu,kernel_01,0,0.0,0.9393184781074524,,,,,
std_s33,standard,1,33,1,hmc,2,Delta,kernel_02,0,0.0,0.9172378182411194,,,,,
std_s33,standard,1,33,1,hmc,2,beta_i,kernel_03,0,0.0,0.8959046006202698,,,,,
std_s34,standard,1,34,1,hmc,2,sigma_inv_chol_latent,kernel_00,0,0.0,0.9141978621482848,,,,,
std_s34,standard,1,34,1,hmc,2,mu,kernel_01,0,0.0,0.9302511811256408,,,,,
std_s34,standard,1,34,1,hmc,2,Delta,kernel_02,0,0.0,0.9184140563011168,,,,,
std_s34,standard,1,34,1,hmc,2,beta_i,kernel_03,0,0.0,0.8964622020721436,,,,,
std_s35,standard,1,35,1,hmc,2,sigma_inv_chol_latent,kernel_00,0,0.0,0.9093136787414552,,,,,
std_s35,standard,1,35,1,hmc,2,mu,kernel_01,0,0.0,0.9180963039398192,,,,,
std_s35,standard,1,35,1,hmc,2,Delta,kernel_02,0,0.0,0.901496410369873,,,,,
std_s35,standard,1,35,1,hmc,2,beta_i,kernel_03,0,0.0,0.8982762694358826,,,,,
std_s36,standard,1,36,1,hmc,2,sigma_inv_chol_latent,kernel_00,0,0.0,0.9220494031906128,,,,,
std_s36,standard,1,36,1,hmc,2,mu,kernel_01,0,0.0,0.9432366490364076,,,,,
std_s36,standard,1,36,1,hmc,2,Delta,kernel_02,0,0.0,0.9186179637908936,,,,,
std_s36,standard,1,36,1,hmc,2,beta_i,kernel_03,0,0.0,0.9025470614433287,,,,,
std_s37,standard,1,37,1,hmc,2,sigma_inv_chol_latent,kernel_00,0,0.0,0.919347643852234,,,,,
std_s37,standard,1,37,1,hmc,2,mu,kernel_01,0,0.0,0.9231151342391968,,,,,
std_s37,standard,1,37,1,hmc,2,Delta,kernel_02,0,0.0,0.9130566120147704,,,,,
std_s37,standard,1,37,1,hmc,2,beta_i,kernel_03,0,0.0,0.8954957127571106,,,,,
std_s38,standard,1,38,1,hmc,2,sigma_inv_chol_latent,kernel_00,0,0.0,0.9116689562797546,,,,,
std_s38,standard,1,38,1,hmc,2,mu,kernel_01,0,0.0,0.9454033970832824,,,,,
std_s38,standard,1,38,1,hmc,2,Delta,kernel_02,0,0.0,0.912390410900116,,,,,
std_s38,standard,1,38,1,hmc,2,beta_i,kernel_03,0,0.0,0.898440420627594,,,,,
std_s39,standard,1,39,1,hmc,2,sigma_inv_chol_latent,kernel_00,0,0.0,0.9138809442520142,,,,,
std_s39,standard,1,39,1,hmc,2,mu,kernel_01,0,0.0,0.9385501742362976,,,,,
std_s39,standard,1,39,1,hmc,2,Delta,kernel_02,0,0.0,0.9337902069091796,,,,,
std_s39,standard,1,39,1,hmc,2,beta_i,kernel_03,0,0.0,0.906150996685028,,,,,
std_s40,standard,1,40,1,hmc,2,sigma_inv_chol_latent,kernel_00,0,0.0,0.9221500754356384,,,,,
std_s40,standard,1,40,1,hmc,2,mu,kernel_01,0,0.0,0.942788064479828,,,,,
std_s40,standard,1,40,1,hmc,2,Delta,kernel_02,0,0.0,0.9138230681419371,,,,,
std_s40,standard,1,40,1,hmc,2,beta_i,kernel_03,0,0.0,0.8836053609848022,,,,,
std_s41,standard,1,41,1,hmc,2,sigma_inv_chol_latent,kernel_00,0,0.0,0.9246017336845398,,,,,
std_s41,standard,1,41,1,hmc,2,mu,kernel_01,0,0.0,0.9360045194625854,,,,,
std_s41,standard,1,41,1,hmc,2,Delta,kernel_02,0,0.0,0.9208679795265198,,,,,
std_s41,standard,1,41,1,hmc,2,beta_i,kernel_03,0,0.0,0.8798107504844666,,,,,
std_s42,standard,1,42,1,hmc,2,sigma_inv_chol_latent,kernel_00,0,0.0,0.9319415092468262,,,,,
std_s42,standard,1,42,1,hmc,2,mu,kernel_01,0,0.0,0.9411486387252808,,,,,
std_s42,standard,1,42,1,hmc,2,Delta,kernel_02,0,0.0,0.9241130948066713,,,,,
std_s42,standard,1,42,1,hmc,2,beta_i,kernel_03,0,0.0,0.8971756100654602,,,,,
std_s43,standard,1,43,1,hmc,2,sigma_inv_chol_latent,kernel_00,0,0.0,0.9025010466575624,,,,,
std_s43,standard,1,43,1,hmc,2,mu,kernel_01,0,0.0,0.932220697402954,,,,,
std_s43,standard,1,43,1,hmc,2,Delta,kernel_02,0,0.0,0.9051339626312256,,,,,
std_s43,standard,1,43,1,hmc,2,beta_i,kernel_03,0,0.0,0.8950764536857605,,,,,
std_s44,standard,1,44,1,hmc,2,sigma_inv_chol_latent,kernel_00,0,0.0,0.91806560754776,,,,,
std_s44,standard,1,44,1,hmc,2,mu,kernel_01,0,0.0,0.9339181780815125,,,,,
std_s44,standard,1,44,1,hmc,2,Delta,kernel_02,0,0.0,0.926551103591919,,,,,
std_s44,standard,1,44,1,hmc,2,beta_i,kernel_03,0,0.0,0.8890579342842102,,,,,
std_s45,standard,1,45,1,hmc,2,sigma_inv_chol_latent,kernel_00,0,0.0,0.8893411159515381,,,,,
std_s45,standard,1,45,1,hmc,2,mu,kernel_01,0,0.0,0.9292709231376648,,,,,
std_s45,standard,1,45,1,hmc,2,Delta,kernel_02,0,0.0,0.8990001678466797,,,,,
std_s45,standard,1,45,1,hmc,2,beta_i,kernel_03,0,0.0,0.8945993185043335,,,,,
std_s46,standard,1,46,1,hmc,2,sigma_inv_chol_latent,kernel_00,0,0.0,0.921360731124878,,,,,
std_s46,standard,1,46,1,hmc,2,mu,kernel_01,0,0.0,0.9323646426200868,,,,,
std_s46,standard,1,46,1,hmc,2,Delta,kernel_02,0,0.0,0.9075615406036376,,,,,
std_s46,standard,1,46,1,hmc,2,beta_i,kernel_03,0,0.0,0.8964686393737793,,,,,
std_s47,standard,1,47,1,hmc,2,sigma_inv_chol_latent,kernel_00,0,0.0,0.9060093760490416,,,,,
std_s47,standard,1,47,1,hmc,2,mu,kernel_01,0,0.0,0.9453336000442504,,,,,
std_s47,standard,1,47,1,hmc,2,Delta,kernel_02,0,0.0,0.9232681393623352,,,,,
std_s47,standard,1,47,1,hmc,2,beta_i,kernel_03,0,0.0,0.8921853303909302,,,,,
std_s48,standard,1,48,1,hmc,2,sigma_inv_chol_latent,kernel_00,0,0.0,0.9212615489959716,,,,,
std_s48,standard,1,48,1,hmc,2,mu,kernel_01,0,0.0,0.9377800822257996,,,,,
std_s48,standard,1,48,1,hmc,2,Delta,kernel_02,0,0.0,0.910926342010498,,,,,
std_s48,standard,1,48,1,hmc,2,beta_i,kernel_03,0,0.0,0.8976842761039734,,,,,
std_s49,standard,1,49,1,hmc,2,sigma_inv_chol_latent,kernel_00,0,0.0,0.926379382610321,,,,,
std_s49,standard,1,49,1,hmc,2,mu,kernel_01,0,0.0,0.9442153573036194,,,,,
std_s49,standard,1,49,1,hmc,2,Delta,kernel_02,0,0.0,0.9131279587745668,,,,,
std_s49,standard,1,49,1,hmc,2,beta_i,kernel_03,0,0.0,0.8909984230995178,,,,,
std_s50,standard,1,50,1,hmc,2,sigma_inv_chol_latent,kernel_00,0,0.0,0.9138757586479188,,,,,
std_s50,standard,1,50,1,hmc,2,mu,kernel_01,0,0.0,0.9205853343009948,,,,,
std_s50,standard,1,50,1,hmc,2,Delta,kernel_02,0,0.0,0.9197036027908324,,,,,
std_s50,standard,1,50,1,hmc,2,beta_i,kernel_03,0,0.0,0.8877460956573486,,,,,
std_s51,standard,1,51,1,hmc,2,sigma_inv_chol_latent,kernel_00,0,0.0,0.9035080075263976,,,,,
std_s51,standard,1,51,1,hmc,2,mu,kernel_01,0,0.0,0.9428314566612244,,,,,
std_s51,standard,1,51,1,hmc,2,Delta,kernel_02,0,0.0,0.9179593920707704,,,,,
std_s51,standard,1,51,1,hmc,2,beta_i,kernel_03,0,0.0,0.8938249945640564,,,,,
std_s52,standard,1,52,1,hmc,2,sigma_inv_chol_latent,kernel_00,0,0.0,0.9052552580833436,,,,,
std_s52,standard,1,52,1,hmc,2,mu,kernel_01,0,0.0,0.9379939436912536,,,,,
std_s52,standard,1,52,1,hmc,2,Delta,kernel_02,0,0.0,0.9112724661827089,,,,,
std_s52,standard,1,52,1,hmc,2,beta_i,kernel_03,0,0.0,0.885759174823761,,,,,
std_s53,standard,1,53,1,hmc,2,sigma_inv_chol_latent,kernel_00,0,0.0,0.9134460687637328,,,,,
std_s53,standard,1,53,1,hmc,2,mu,kernel_01,0,0.0,0.9306849837303162,,,,,
std_s53,standard,1,53,1,hmc,2,Delta,kernel_02,0,0.0,0.917141616344452,,,,,
std_s53,standard,1,53,1,hmc,2,beta_i,kernel_03,0,0.0,0.8933100700378418,,,,,
std_s54,standard,1,54,1,hmc,2,sigma_inv_chol_latent,kernel_00,0,0.0,0.9208407998085022,,,,,
std_s54,standard,1,54,1,hmc,2,mu,kernel_01,0,0.0,0.9320499897003174,,,,,
std_s54,standard,1,54,1,hmc,2,Delta,kernel_02,0,0.0,0.9056015610694884,,,,,
std_s54,standard,1,54,1,hmc,2,beta_i,kernel_03,0,0.0,0.9021905064582824,,,,,
std_s55,standard,1,55,1,hmc,2,sigma_inv_chol_latent,kernel_00,0,0.0,0.9113645553588868,,,,,
std_s55,standard,1,55,1,hmc,2,mu,kernel_01,0,0.0,0.9199458956718444,,,,,
std_s55,standard,1,55,1,hmc,2,Delta,kernel_02,0,0.0,0.9286403059959412,,,,,
std_s55,standard,1,55,1,hmc,2,beta_i,kernel_03,0,0.0,0.887744128704071,,,,,
std_s56,standard,1,56,1,hmc,2,sigma_inv_chol_latent,kernel_00,0,0.0,0.9256749749183656,,,,,
std_s56,standard,1,56,1,hmc,2,mu,kernel_01,0,0.0,0.9413208961486816,,,,,
std_s56,standard,1,56,1,hmc,2,Delta,kernel_02,0,0.0,0.914615035057068,,,,,
std_s56,standard,1,56,1,hmc,2,beta_i,kernel_03,0,0.0,0.8972635865211487,,,,,
std_s57,standard,1,57,1,hmc,2,sigma_inv_chol_latent,kernel_00,0,0.0,0.9259548783302308,,,,,
std_s57,standard,1,57,1,hmc,2,mu,kernel_01,0,0.0,0.9386812448501588,,,,,
std_s57,standard,1,57,1,hmc,2,Delta,kernel_02,0,0.0,0.9070189595222472,,,,,
std_s57,standard,1,57,1,hmc,2,beta_i,kernel_03,0,0.0,0.8938074111938477,,,,,
std_s58,standard,1,58,1,hmc,2,sigma_inv_chol_latent,kernel_00,0,0.0,0.928368866443634,,,,,
std_s58,standard,1,58,1,hmc,2,mu,kernel_01,0,0.0,0.9266250729560852,,,,,
std_s58,standard,1,58,1,hmc,2,Delta,kernel_02,0,0.0,0.9036877751350404,,,,,
std_s58,standard,1,58,1,hmc,2,beta_i,kernel_03,0,0.0,0.8892542719841003,,,,,
std_s59,standard,1,59,1,hmc,2,sigma_inv_chol_latent,kernel_00,0,0.0,0.9084062576293944,,,,,
std_s59,standard,1,59,1,hmc,2,mu,kernel_01,0,0.0,0.92154198884964,,,,,
std_s59,standard,1,59,1,hmc,2,Delta,kernel_02,0,0.0,0.906724214553833,,,,,
std_s59,standard,1,59,1,hmc,2,beta_i,kernel_03,0,0.0,0.9062599539756776,,,,,
std_s60,standard,1,60,1,hmc,2,sigma_inv_chol_latent,kernel_00,0,0.0,0.9171457886695862,,,,,
std_s60,standard,1,60,1,hmc,2,mu,kernel_01,0,0.0,0.9250292181968688,,,,,
std_s60,standard,1,60,1,hmc,2,Delta,kernel_02,0,0.0,0.8991639614105225,,,,,
std_s60,standard,1,60,1,hmc,2,beta_i,kernel_03,0,0.0,0.8993256092071533,,,,,
std_s61,standard,1,61,1,hmc,2,sigma_inv_chol_latent,kernel_00,0,0.0,0.9253035187721252,,,,,
std_s61,standard,1,61,1,hmc,2,mu,kernel_01,0,0.0,0.9347691535949708,,,,,
std_s61,standard,1,61,1,hmc,2,Delta,kernel_02,0,0.0,0.921653926372528,,,,,
std_s61,standard,1,61,1,hmc,2,beta_i,kernel_03,0,0.0,0.9035891890525818,,,,,
std_s62,standard,1,62,1,hmc,2,sigma_inv_chol_latent,kernel_00,0,0.0,0.9106538891792296,,,,,
std_s62,standard,1,62,1,hmc,2,mu,kernel_01,0,0.0,0.9247618913650512,,,,,
std_s62,standard,1,62,1,hmc,2,Delta,kernel_02,0,0.0,0.922670304775238,,,,,
std_s62,standard,1,62,1,hmc,2,beta_i,kernel_03,0,0.0,0.8877061605453491,,,,,
std_s63,standard,1,63,1,hmc,2,sigma_inv_chol_latent,kernel_00,0,0.0,0.9177613258361816,,,,,
std_s63,standard,1,63,1,hmc,2,mu,kernel_01,0,0.0,0.9187871813774108,,,,,
std_s63,standard,1,63,1,hmc,2,Delta,kernel_02,0,0.0,0.91605544090271,,,,,
std_s63,standard,1,63,1,hmc,2,beta_i,kernel_03,0,0.0,0.8981994390487671,,,,,
std_s64,standard,1,64,1,hmc,2,sigma_inv_chol_latent,kernel_00,0,0.0,0.9195128679275512,,,,,
std_s64,standard,1,64,1,hmc,2,mu,kernel_01,0,0.0,0.9351465106010436,,,,,
std_s64,standard,1,64,1,hmc,2,Delta,kernel_02,0,0.0,0.9134434461593628,,,,,
std_s64,standard,1,64,1,hmc,2,beta_i,kernel_03,0,0.0,0.9057831764221193,,,,,
std_s65,standard,1,65,1,hmc,2,sigma_inv_chol_latent,kernel_00,0,0.0,0.9258207082748412,,,,,
std_s65,standard,1,65,1,hmc,2,mu,kernel_01,0,0.0,0.926458477973938,,,,,
std_s65,standard,1,65,1,hmc,2,Delta,kernel_02,0,0.0,0.9155868887901306,,,,,
std_s65,standard,1,65,1,hmc,2,beta_i,kernel_03,0,0.0,0.9076111316680908,,,,,
std_s66,standard,1,66,1,hmc,2,sigma_inv_chol_latent,kernel_00,0,0.0,0.9152674078941344,,,,,
std_s66,standard,1,66,1,hmc,2,mu,kernel_01,0,0.0,0.929894745349884,,,,,
std_s66,standard,1,66,1,hmc,2,Delta,kernel_02,0,0.0,0.935232639312744,,,,,
std_s66,standard,1,66,1,hmc,2,beta_i,kernel_03,0,0.0,0.8995619416236877,,,,,
std_s67,standard,1,67,1,hmc,2,sigma_inv_chol_latent,kernel_00,0,0.0,0.9084818363189696,,,,,
std_s67,standard,1,67,1,hmc,2,mu,kernel_01,0,0.0,0.9453476667404176,,,,,
std_s67,standard,1,67,1,hmc,2,Delta,kernel_02,0,0.0,0.9180119037628174,,,,,
std_s67,standard,1,67,1,hmc,2,beta_i,kernel_03,0,0.0,0.8940265774726868,,,,,
std_s68,standard,1,68,1,hmc,2,sigma_inv_chol_latent,kernel_00,0,0.0,0.9113789200782776,,,,,
std_s68,standard,1,68,1,hmc,2,mu,kernel_01,0,0.0,0.9418901205062866,,,,,
std_s68,standard,1,68,1,hmc,2,Delta,kernel_02,0,0.0,0.9103875160217284,,,,,
std_s68,standard,1,68,1,hmc,2,beta_i,kernel_03,0,0.0,0.8992292881011963,,,,,
std_s69,standard,1,69,1,hmc,2,sigma_inv_chol_latent,kernel_00,0,0.0,0.9130805730819702,,,,,
std_s69,standard,1,69,1,hmc,2,mu,kernel_01,0,0.0,0.9279324412345886,,,,,
std_s69,standard,1,69,1,hmc,2,Delta,kernel_02,0,0.0,0.9057883024215698,,,,,
std_s69,standard,1,69,1,hmc,2,beta_i,kernel_03,0,0.0,0.9000690579414368,,,,,
std_s70,standard,1,70,1,hmc,2,sigma_inv_chol_latent,kernel_00,0,0.0,0.906809389591217,,,,,
std_s70,standard,1,70,1,hmc,2,mu,kernel_01,0,0.0,0.948484182357788,,,,,
std_s70,standard,1,70,1,hmc,2,Delta,kernel_02,0,0.0,0.9120244383811952,,,,,
std_s70,standard,1,70,1,hmc,2,beta_i,kernel_03,0,0.0,0.9006699919700623,,,,,
std_s71,standard,1,71,1,hmc,2,sigma_inv_chol_latent,kernel_00,0,0.0,0.8997198939323425,,,,,
std_s71,standard,1,71,1,hmc,2,mu,kernel_01,0,0.0,0.9274305701255798,,,,,
std_s71,standard,1,71,1,hmc,2,Delta,kernel_02,0,0.0,0.9097836017608644,,,,,
std_s71,standard,1,71,1,hmc,2,beta_i,kernel_03,0,0.0,0.9006234407424927,,,,,
std_s72,standard,1,72,1,hmc,2,sigma_inv_chol_latent,kernel_00,0,0.0,0.9108677506446838,,,,,
std_s72,standard,1,72,1,hmc,2,mu,kernel_01,0,0.0,0.9295931458473206,,,,,
std_s72,standard,1,72,1,hmc,2,Delta,kernel_02,0,0.0,0.9178476333618164,,,,,
std_s72,standard,1,72,1,hmc,2,beta_i,kernel_03,0,0.0,0.8906764388084412,,,,,
std_s73,standard,1,73,1,hmc,2,sigma_inv_chol_latent,kernel_00,0,0.0,0.9053931832313538,,,,,
std_s73,standard,1,73,1,hmc,2,mu,kernel_01,0,0.0,0.920884370803833,,,,,
std_s73,standard,1,73,1,hmc,2,Delta,kernel_02,0,0.0,0.9162912368774414,,,,,
std_s73,standard,1,73,1,hmc,2,beta_i,kernel_03,0,0.0,0.889488160610199,,,,,
std_s74,standard,1,74,1,hmc,2,sigma_inv_chol_latent,kernel_00,0,0.0,0.9225484132766724,,,,,
std_s74,standard,1,74,1,hmc,2,mu,kernel_01,0,0.0,0.9368761777877808,,,,,
std_s74,standard,1,74,1,hmc,2,Delta,kernel_02,0,0.0,0.8991703391075134,,,,,
std_s74,standard,1,74,1,hmc,2,beta_i,kernel_03,0,0.0,0.8964026570320129,,,,,
std_s75,standard,1,75,1,hmc,2,sigma_inv_chol_latent,kernel_00,0,0.0,0.9054103493690492,,,,,
std_s75,standard,1,75,1,hmc,2,mu,kernel_01,0,0.0,0.917063057422638,,,,,
std_s75,standard,1,75,1,hmc,2,Delta,kernel_02,0,0.0,0.9194488525390624,,,,,
std_s75,standard,1,75,1,hmc,2,beta_i,kernel_03,0,0.0,0.8830649256706238,,,,,
std_s76,standard,1,76,1,hmc,2,sigma_inv_chol_latent,kernel_00,0,0.0,0.9022691249847412,,,,,
std_s76,standard,1,76,1,hmc,2,mu,kernel_01,0,0.0,0.9261232614517212,,,,,
std_s76,standard,1,76,1,hmc,2,Delta,kernel_02,0,0.0,0.9291949272155762,,,,,
std_s76,standard,1,76,1,hmc,2,beta_i,kernel_03,0,0.0,0.8983752727508545,,,,,
std_s77,standard,1,77,1,hmc,2,sigma_inv_chol_latent,kernel_00,0,0.0,0.8912996053695679,,,,,
std_s77,standard,1,77,1,hmc,2,mu,kernel_01,0,0.0,0.929276168346405,,,,,
std_s77,standard,1,77,1,hmc,2,Delta,kernel_02,0,0.0,0.9092355370521544,,,,,
std_s77,standard,1,77,1,hmc,2,beta_i,kernel_03,0,0.0,0.8725898265838623,,,,,
std_s78,standard,1,78,1,hmc,2,sigma_inv_chol_latent,kernel_00,0,0.0,0.9246550798416138,,,,,
std_s78,standard,1,78,1,hmc,2,mu,kernel_01,0,0.0,0.9237968921661376,,,,,
std_s78,standard,1,78,1,hmc,2,Delta,kernel_02,0,0.0,0.9090957045555116,,,,,
std_s78,standard,1,78,1,hmc,2,beta_i,kernel_03,0,0.0,0.8936454057693481,,,,,
std_s79,standard,1,79,1,hmc,2,sigma_inv_chol_latent,kernel_00,0,0.0,0.938650608062744,,,,,
std_s79,standard,1,79,1,hmc,2,mu,kernel_01,0,0.0,0.9194121956825256,,,,,
std_s79,standard,1,79,1,hmc,2,Delta,kernel_02,0,0.0,0.9210568070411682,,,,,
std_s79,standard,1,79,1,hmc,2,beta_i,kernel_03,0,0.0,0.8882248997688293,,,,,
std_s80,standard,1,80,1,hmc,2,sigma_inv_chol_latent,kernel_00,0,0.0,0.9129604697227478,,,,,
std_s80,standard,1,80,1,hmc,2,mu,kernel_01,0,0.0,0.9220149517059326,,,,,
std_s80,standard,1,80,1,hmc,2,Delta,kernel_02,0,0.0,0.9140210747718812,,,,,
std_s80,standard,1,80,1,hmc,2,beta_i,kernel_03,0,0.0,0.897050678730011,,,,,
std_s81,standard,1,81,1,hmc,2,sigma_inv_chol_latent,kernel_00,0,0.0,0.9070809483528136,,,,,
std_s81,standard,1,81,1,hmc,2,mu,kernel_01,0,0.0,0.91815185546875,,,,,
std_s81,standard,1,81,1,hmc,2,Delta,kernel_02,0,0.0,0.9098705053329468,,,,,
std_s81,standard,1,81,1,hmc,2,beta_i,kernel_03,0,0.0,0.8900094032287598,,,,,
std_s82,standard,1,82,1,hmc,2,sigma_inv_chol_latent,kernel_00,0,0.0,0.9091665148735046,,,,,
std_s82,standard,1,82,1,hmc,2,mu,kernel_01,0,0.0,0.9360169172286988,,,,,
std_s82,standard,1,82,1,hmc,2,Delta,kernel_02,0,0.0,0.8958234190940857,,,,,
std_s82,standard,1,82,1,hmc,2,beta_i,kernel_03,0,0.0,0.8841346502304077,,,,,
std_s83,standard,1,83,1,hmc,2,sigma_inv_chol_latent,kernel_00,0,0.0,0.9204539060592652,,,,,
std_s83,standard,1,83,1,hmc,2,mu,kernel_01,0,0.0,0.9156533479690552,,,,,
std_s83,standard,1,83,1,hmc,2,Delta,kernel_02,0,0.0,0.9215829968452454,,,,,
std_s83,standard,1,83,1,hmc,2,beta_i,kernel_03,0,0.0,0.8895976543426514,,,,,
std_s84,standard,1,84,1,hmc,2,sigma_inv_chol_latent,kernel_00,0,0.0,0.9190853238105774,,,,,
std_s84,standard,1,84,1,hmc,2,mu,kernel_01,0,0.0,0.9415740370750428,,,,,
std_s84,standard,1,84,1,hmc,2,Delta,kernel_02,0,0.0,0.9099001884460448,,,,,
std_s84,standard,1,84,1,hmc,2,beta_i,kernel_03,0,0.0,0.8869925737380981,,,,,
std_s85,standard,1,85,1,hmc,2,sigma_inv_chol_latent,kernel_00,0,0.0,0.9181166291236876,,,,,
std_s85,standard,1,85,1,hmc,2,mu,kernel_01,0,0.0,0.9342151284217834,,,,,
std_s85,standard,1,85,1,hmc,2,Delta,kernel_02,0,0.0,0.9234442114830016,,,,,
std_s85,standard,1,85,1,hmc,2,beta_i,kernel_03,0,0.0,0.8894621133804321,,,,,
std_s86,standard,1,86,1,hmc,2,sigma_inv_chol_latent,kernel_00,0,0.0,0.9473130702972412,,,,,
std_s86,standard,1,86,1,hmc,2,mu,kernel_01,0,0.0,0.919090211391449,,,,,
std_s86,standard,1,86,1,hmc,2,Delta,kernel_02,0,0.0,0.9133548736572266,,,,,
std_s86,standard,1,86,1,hmc,2,beta_i,kernel_03,0,0.0,0.8760294914245605,,,,,
std_s87,standard,1,87,1,hmc,2,sigma_inv_chol_latent,kernel_00,0,0.0,0.9188792705535888,,,,,
std_s87,standard,1,87,1,hmc,2,mu,kernel_01,0,0.0,0.9466367959976196,,,,,
std_s87,standard,1,87,1,hmc,2,Delta,kernel_02,0,0.0,0.9342907071113586,,,,,
std_s87,standard,1,87,1,hmc,2,beta_i,kernel_03,0,0.0,0.9062824249267578,,,,,
std_s88,standard,1,88,1,hmc,2,sigma_inv_chol_latent,kernel_00,0,0.0,0.9209672808647156,,,,,
std_s88,standard,1,88,1,hmc,2,mu,kernel_01,0,0.0,0.9319594502449036,,,,,
std_s88,standard,1,88,1,hmc,2,Delta,kernel_02,0,0.0,0.9108226299285888,,,,,
std_s88,standard,1,88,1,hmc,2,beta_i,kernel_03,0,0.0,0.8843764662742615,,,,,
std_s89,standard,1,89,1,hmc,2,sigma_inv_chol_latent,kernel_00,0,0.0,0.8940216898918152,,,,,
std_s89,standard,1,89,1,hmc,2,mu,kernel_01,0,0.0,0.9407007098197936,,,,,
std_s89,standard,1,89,1,hmc,2,Delta,kernel_02,0,0.0,0.9122874736785888,,,,,
std_s89,standard,1,89,1,hmc,2,beta_i,kernel_03,0,0.0,0.8816478252410889,,,,,
std_s90,standard,1,90,1,hmc,2,sigma_inv_chol_latent,kernel_00,0,0.0,0.916461706161499,,,,,
std_s90,standard,1,90,1,hmc,2,mu,kernel_01,0,0.0,0.929466724395752,,,,,
std_s90,standard,1,90,1,hmc,2,Delta,kernel_02,0,0.0,0.918723464012146,,,,,
std_s90,standard,1,90,1,hmc,2,beta_i,kernel_03,0,0.0,0.872112512588501,,,,,
std_s91,standard,1,91,1,hmc,2,sigma_inv_chol_latent,kernel_00,0,0.0,0.9035273194313048,,,,,
std_s91,standard,1,91,1,hmc,2,mu,kernel_01,0,0.0,0.9304983615875244,,,,,
std_s91,standard,1,91,1,hmc,2,Delta,kernel_02,0,0.0,0.9099560379981996,,,,,
std_s91,standard,1,91,1,hmc,2,beta_i,kernel_03,0,0.0,0.8897204995155334,,,,,
std_s92,standard,1,92,1,hmc,2,sigma_inv_chol_latent,kernel_00,0,0.0,0.9224011898040771,,,,,
std_s92,standard,1,92,1,hmc,2,mu,kernel_01,0,0.0,0.9189304709434508,,,,,
std_s92,standard,1,92,1,hmc,2,Delta,kernel_02,0,0.0,0.9090306758880616,,,,,
std_s92,standard,1,92,1,hmc,2,beta_i,kernel_03,0,0.0,0.9014046788215636,,,,,
std_s93,standard,1,93,1,hmc,2,sigma_inv_chol_latent,kernel_00,0,0.0,0.9164817333221436,,,,,
std_s93,standard,1,93,1,hmc,2,mu,kernel_01,0,0.0,0.9338062405586244,,,,,
std_s93,standard,1,93,1,hmc,2,Delta,kernel_02,0,0.0,0.9138144254684448,,,,,
std_s93,standard,1,93,1,hmc,2,beta_i,kernel_03,0,0.0,0.8962516784667969,,,,,
std_s94,standard,1,94,1,hmc,2,sigma_inv_chol_latent,kernel_00,0,0.0,0.905587673187256,,,,,
std_s94,standard,1,94,1,hmc,2,mu,kernel_01,0,0.0,0.9230740070343018,,,,,
std_s94,standard,1,94,1,hmc,2,Delta,kernel_02,0,0.0,0.9290332794189452,,,,,
std_s94,standard,1,94,1,hmc,2,beta_i,kernel_03,0,0.0,0.8823381066322327,,,,,
std_s95,standard,1,95,1,hmc,2,sigma_inv_chol_latent,kernel_00,0,0.0,0.9125618934631348,,,,,
std_s95,standard,1,95,1,hmc,2,mu,kernel_01,0,0.0,0.9320818185806274,,,,,
std_s95,standard,1,95,1,hmc,2,Delta,kernel_02,0,0.0,0.9002365469932556,,,,,
std_s95,standard,1,95,1,hmc,2,beta_i,kernel_03,0,0.0,0.8929449319839478,,,,,
std_s96,standard,1,96,1,hmc,2,sigma_inv_chol_latent,kernel_00,0,0.0,0.921111524105072,,,,,
std_s96,standard,1,96,1,hmc,2,mu,kernel_01,0,0.0,0.9273476600646972,,,,,
std_s96,standard,1,96,1,hmc,2,Delta,kernel_02,0,0.0,0.9108995199203492,,,,,
std_s96,standard,1,96,1,hmc,2,beta_i,kernel_03,0,0.0,0.8937513828277588,,,,,
std_s97,standard,1,97,1,hmc,2,sigma_inv_chol_latent,kernel_00,0,0.0,0.9122666120529176,,,,,
std_s97,standard,1,97,1,hmc,2,mu,kernel_01,0,0.0,0.9432039856910706,,,,,
std_s97,standard,1,97,1,hmc,2,Delta,kernel_02,0,0.0,0.9279095530509948,,,,,
std_s97,standard,1,97,1,hmc,2,beta_i,kernel_03,0,0.0,0.8921988010406494,,,,,
std_s98,standard,1,98,1,hmc,2,sigma_inv_chol_latent,kernel_00,0,0.0,0.9131644368171692,,,,,
std_s98,standard,1,98,1,hmc,2,mu,kernel_01,0,0.0,0.9336341619491576,,,,,
std_s98,standard,1,98,1,hmc,2,Delta,kernel_02,0,0.0,0.9249512553215028,,,,,
std_s98,standard,1,98,1,hmc,2,beta_i,kernel_03,0,0.0,0.9027280211448668,,,,,
std_s99,standard,1,99,1,hmc,2,sigma_inv_chol_latent,kernel_00,0,0.0,0.9227185249328612,,,,,
std_s99,standard,1,99,1,hmc,2,mu,kernel_01,0,0.0,0.91915625333786,,,,,
std_s99,standard,1,99,1,hmc,2,Delta,kernel_02,0,0.0,0.9189225435256958,,,,,
std_s99,standard,1,99,1,hmc,2,beta_i,kernel_03,0,0.0,0.9125021696090698,,,,,
std_s01,standard,1,1,1,nuts,2,sigma_inv_chol_latent,kernel_00,0,0.0,0.8934581875801086,3.0,2.93725,0.0,7.0,6.749
std_s01,standard,1,1,1,nuts,2,mu,kernel_01,0,0.0,0.9160853624343872,4.0,2.6438,0.0,15.0,5.5857
std_s01,standard,1,1,1,nuts,2,Delta,kernel_02,0,0.0,0.8999168872833252,4.0,2.8837,0.0,15.0,6.5351
std_s01,standard,1,1,1,nuts,2,beta_i,kernel_03,0,0.0,0.8707454800605774,5.0,4.89045,0.0,31.0,29.2472
std_s02,standard,1,2,1,nuts,2,sigma_inv_chol_latent,kernel_00,0,0.0,0.904931664466858,5.0,2.9642,0.0,23.0,6.8634
std_s02,standard,1,2,1,nuts,2,mu,kernel_01,0,0.0,0.9116005897521972,5.0,2.63745,0.0,19.0,5.5616
std_s02,standard,1,2,1,nuts,2,Delta,kernel_02,0,0.0,0.8806205987930298,5.0,2.8487,0.0,19.0,6.4005
std_s02,standard,1,2,1,nuts,2,beta_i,kernel_03,0,0.0,0.855110228061676,5.0,4.86835,0.0,31.0,28.8936
std_s03,standard,1,3,1,nuts,2,sigma_inv_chol_latent,kernel_00,0,0.0,0.9119839072227478,5.0,2.98085,0.0,31.0,6.9378
std_s03,standard,1,3,1,nuts,2,mu,kernel_01,0,0.0,0.9019044041633606,5.0,2.60045,0.0,19.0,5.4232
std_s03,standard,1,3,1,nuts,2,Delta,kernel_02,0,0.0,0.8880476355552673,5.0,2.87725,0.0,23.0,6.5134
std_s03,standard,1,3,1,nuts,2,beta_i,kernel_03,0,0.0,0.8673534393310547,5.0,4.93275,0.0,31.0,29.924
std_s04,standard,1,4,1,nuts,2,sigma_inv_chol_latent,kernel_00,0,0.0,0.8882993459701538,4.0,2.93925,0.0,15.0,6.7576
std_s04,standard,1,4,1,nuts,2,mu,kernel_01,0,0.0,0.9112655520439148,5.0,2.6149,0.0,23.0,5.4855
std_s04,standard,1,4,1,nuts,2,Delta,kernel_02,0,0.0,0.8973255157470703,4.0,2.8868,0.0,15.0,6.5484
std_s04,standard,1,4,1,nuts,2,beta_i,kernel_03,0,0.0,0.853233814239502,5.0,4.5293,0.0,31.0,23.4688
std_s05,standard,1,5,1,nuts,2,sigma_inv_chol_latent,kernel_00,0,0.0,0.901902437210083,4.0,2.97005,0.0,15.0,6.882
std_s05,standard,1,5,1,nuts,2,mu,kernel_01,0,0.0,0.9092101454734802,4.0,2.5882,0.0,15.0,5.3704
std_s05,standard,1,5,1,nuts,2,Delta,kernel_02,0,0.0,0.895456075668335,4.0,2.86965,0.0,15.0,6.4799
std_s05,standard,1,5,1,nuts,2,beta_i,kernel_03,0,0.0,0.8734287023544312,5.0,5.0,0.0,31.0,31.0
std_s06,standard,1,6,1,nuts,2,sigma_inv_chol_latent,kernel_00,0,0.0,0.8782091736793518,4.0,2.90765,0.0,15.0,6.631
std_s06,standard,1,6,1,nuts,2,mu,kernel_01,0,0.0,0.9133086204528807,5.0,2.6102,0.0,23.0,5.4512
std_s06,standard,1,6,1,nuts,2,Delta,kernel_02,0,0.0,0.8941482305526733,4.0,2.86425,0.0,15.0,6.4575
std_s06,standard,1,6,1,nuts,2,beta_i,kernel_03,0,0.0,0.8601078391075134,5.0,4.50505,0.0,31.0,23.0808
std_s07,standard,1,7,1,nuts,2,sigma_inv_chol_latent,kernel_00,0,0.0,0.8813456892967224,4.0,2.9149,0.0,15.0,6.66
std_s07,standard,1,7,1,nuts,2,mu,kernel_01,0,0.0,0.9132341742515564,5.0,2.62025,0.0,31.0,5.5144
std_s07,standard,1,7,1,nuts,2,Delta,kernel_02,0,0.0,0.9052344560623168,3.0,2.90565,0.0,7.0,6.6226
std_s07,standard,1,7,1,nuts,2,beta_i,kernel_03,0,0.0,0.8500556349754333,5.0,4.5,0.0,31.0,23.0
std_s08,standard,1,8,1,nuts,2,sigma_inv_chol_latent,kernel_00,0,0.0,0.9083884954452516,3.0,2.9729,0.0,7.0,6.8916
std_s08,standard,1,8,1,nuts,2,mu,kernel_01,0,0.0,0.9059385061264038,5.0,2.5877,0.0,31.0,5.3807
std_s08,standard,1,8,1,nuts,2,Delta,kernel_02,0,0.0,0.8864017724990845,5.0,2.85695,0.0,23.0,6.4316
std_s08,standard,1,8,1,nuts,2,beta_i,kernel_03,0,0.0,0.8856446146965027,5.0,4.99955,0.0,31.0,30.9928
std_s09,standard,1,9,1,nuts,2,sigma_inv_chol_latent,kernel_00,0,0.0,0.8969775438308716,3.0,2.94075,0.0,7.0,6.7629
std_s09,standard,1,9,1,nuts,2,mu,kernel_01,0,0.0,0.8919481635093689,5.0,2.4844,0.0,31.0,5.014
std_s09,standard,1,9,1,nuts,2,Delta,kernel_02,0,0.0,0.8839558362960815,4.0,2.8231,0.0,15.0,6.2945
std_s09,standard,1,9,1,nuts,2,beta_i,kernel_03,0,0.0,0.8737540245056152,5.0,5.0,0.0,31.0,31.0
std_s100,standard,1,100,1,nuts,2,sigma_inv_chol_latent,kernel_00,0,0.0,0.891272246837616,3.0,2.92585,0.0,7.0,6.7034
std_s100,standard,1,100,1,nuts,2,mu,kernel_01,0,0.0,0.9132399559020996,4.0,2.6064,0.0,15.0,5.4403
std_s100,standard,1,100,1,nuts,2,Delta,kernel_02,0,0.0,0.8744421601295471,4.0,2.78295,0.0,15.0,6.1347
std_s100,standard,1,100,1,nuts,2,beta_i,kernel_03,0,0.0,0.8643779158592224,5.0,4.64545,0.0,31.0,25.3272
std_s10,standard,1,10,1,nuts,2,sigma_inv_chol_latent,kernel_00,0,0.0,0.8982328176498413,4.0,2.94365,0.0,11.0,6.7746
std_s10,standard,1,10,1,nuts,2,mu,kernel_01,0,0.0,0.9095965027809144,5.0,2.5709,0.0,19.0,5.3061
std_s10,standard,1,10,1,nuts,2,Delta,kernel_02,0,0.0,0.8848216533660889,4.0,2.81475,0.0,15.0,6.2596
std_s10,standard,1,10,1,nuts,2,beta_i,kernel_03,0,0.0,0.863996684551239,5.0,4.9994,0.0,31.0,30.9904
std_s11,standard,1,11,1,nuts,2,sigma_inv_chol_latent,kernel_00,0,0.0,0.908165693283081,5.0,2.97105,0.0,23.0,6.8924
std_s11,standard,1,11,1,nuts,2,mu,kernel_01,0,0.0,0.9036386013031006,5.0,2.56535,0.0,31.0,5.2904
std_s11,standard,1,11,1,nuts,2,Delta,kernel_02,0,0.0,0.899415910243988,4.0,2.8877,0.0,15.0,6.5512
std_s11,standard,1,11,1,nuts,2,beta_i,kernel_03,0,0.0,0.8776994347572327,5.0,4.9853,0.0,31.0,30.7648
std_s12,standard,1,12,1,nuts,2,sigma_inv_chol_latent,kernel_00,0,0.0,0.8991722464561462,3.0,2.9439,0.0,7.0,6.7756
std_s12,standard,1,12,1,nuts,2,mu,kernel_01,0,0.0,0.9130399227142334,4.0,2.6131,0.0,15.0,5.4649
std_s12,standard,1,12,1,nuts,2,Delta,kernel_02,0,0.0,0.8949020504951477,4.0,2.8721,0.0,15.0,6.4889
std_s12,standard,1,12,1,nuts,2,beta_i,kernel_03,0,0.0,0.8465568423271179,5.0,4.33415,0.0,31.0,20.3464
std_s13,standard,1,13,1,nuts,2,sigma_inv_chol_latent,kernel_00,0,0.0,0.9011395573616028,3.0,2.9545,0.0,7.0,6.818
std_s13,standard,1,13,1,nuts,2,mu,kernel_01,0,0.0,0.9229401350021362,4.0,2.66345,0.0,15.0,5.6585
std_s13,standard,1,13,1,nuts,2,Delta,kernel_02,0,0.0,0.885711133480072,4.0,2.82695,0.0,15.0,6.3085
std_s13,standard,1,13,1,nuts,2,beta_i,kernel_03,0,0.0,0.8628742098808289,5.0,4.9944,0.0,31.0,30.9104
std_s14,standard,1,14,1,nuts,2,sigma_inv_chol_latent,kernel_00,0,0.0,0.8952447175979614,4.0,2.9544,0.0,15.0,6.8186
std_s14,standard,1,14,1,nuts,2,mu,kernel_01,0,0.0,0.9166687726974488,4.0,2.66835,0.0,15.0,5.6828
std_s14,standard,1,14,1,nuts,2,Delta,kernel_02,0,0.0,0.9020490050315856,4.0,2.91025,0.0,15.0,6.6413
std_s14,standard,1,14,1,nuts,2,beta_i,kernel_03,0,0.0,0.8672714829444885,5.0,4.9977,0.0,31.0,30.9632
std_s15,standard,1,15,1,nuts,2,sigma_inv_chol_latent,kernel_00,0,0.0,0.8905051946640015,4.0,2.949,0.0,15.0,6.7972
std_s15,standard,1,15,1,nuts,2,mu,kernel_01,0,0.0,0.913480579853058,4.0,2.66755,0.0,15.0,5.6779
std_s15,standard,1,15,1,nuts,2,Delta,kernel_02,0,0.0,0.8920102715492249,4.0,2.87805,0.0,15.0,6.5158
std_s15,standard,1,15,1,nuts,2,beta_i,kernel_03,0,0.0,0.8487807512283325,6.0,4.0203,0.0,63.0,15.3256
std_s16,standard,1,16,1,nuts,2,sigma_inv_chol_latent,kernel_00,0,0.0,0.9042571187019348,6.0,2.9908,0.0,47.0,7.0284
std_s16,standard,1,16,1,nuts,2,mu,kernel_01,0,0.0,0.9145136475563048,6.0,2.8248,0.0,63.0,6.5528
std_s16,standard,1,16,1,nuts,2,Delta,kernel_02,0,0.0,0.8868790864944458,6.0,2.94135,0.0,47.0,6.8462
std_s16,standard,1,16,1,nuts,2,beta_i,kernel_03,0,0.0,0.8632829785346985,5.0,5.0,0.0,31.0,31.0
std_s17,standard,1,17,1,nuts,2,sigma_inv_chol_latent,kernel_00,0,0.0,0.9111855626106262,6.0,3.0016,0.0,63.0,7.102
std_s17,standard,1,17,1,nuts,2,mu,kernel_01,0,0.0,0.9140618443489076,4.0,2.6448,0.0,15.0,5.5913
std_s17,standard,1,17,1,nuts,2,Delta,kernel_02,0,0.0,0.8769416809082031,5.0,2.8023,0.0,31.0,6.2262
std_s17,standard,1,17,1,nuts,2,beta_i,kernel_03,0,0.0,0.880113959312439,5.0,5.0,0.0,31.0,31.0
std_s18,standard,1,18,1,nuts,2,sigma_inv_chol_latent,kernel_00,0,0.0,0.8958904147148132,4.0,2.94975,0.0,15.0,6.7993
std_s18,standard,1,18,1,nuts,2,mu,kernel_01,0,0.0,0.9270765781402588,4.0,2.7069,0.0,15.0,5.8303
std_s18,standard,1,18,1,nuts,2,Delta,kernel_02,0,0.0,0.8877687454223633,4.0,2.852,0.0,15.0,6.4094
std_s18,standard,1,18,1,nuts,2,beta_i,kernel_03,0,0.0,0.8550711870193481,5.0,4.62855,0.0,31.0,25.0568
std_s19,standard,1,19,1,nuts,2,sigma_inv_chol_latent,kernel_00,0,0.0,0.8815330266952515,4.0,2.9116,0.0,11.0,6.6463
std_s19,standard,1,19,1,nuts,2,mu,kernel_01,0,0.0,0.9206408262252808,4.0,2.64895,0.0,15.0,5.6041
std_s19,standard,1,19,1,nuts,2,Delta,kernel_02,0,0.0,0.8996261954307556,4.0,2.8751,0.0,15.0,6.5012
std_s19,standard,1,19,1,nuts,2,beta_i,kernel_03,0,0.0,0.8294063210487366,5.0,4.3265,0.0,31.0,20.224
std_s20,standard,1,20,1,nuts,2,sigma_inv_chol_latent,kernel_00,0,0.0,0.9160630702972412,6.0,3.2801,0.0,47.0,9.2878
std_s20,standard,1,20,1,nuts,2,mu,kernel_01,0,0.0,0.934971272945404,6.0,3.00885,0.0,63.0,7.665
std_s20,standard,1,20,1,nuts,2,Delta,kernel_02,0,0.0,0.9177969694137572,6.0,3.0362,0.0,47.0,7.4702
std_s20,standard,1,20,1,nuts,2,beta_i,kernel_03,0,0.0,0.8414153456687927,5.0,4.87885,0.0,31.0,29.0616
std_s21,standard,1,21,1,nuts,2,sigma_inv_chol_latent,kernel_00,0,0.0,0.9091509580612184,3.0,2.96585,0.0,7.0,6.8635
std_s21,standard,1,21,1,nuts,2,mu,kernel_01,0,0.0,0.9185437560081482,5.0,2.66495,0.0,19.0,5.6695
std_s21,standard,1,21,1,nuts,2,Delta,kernel_02,0,0.0,0.8890645503997803,4.0,2.84845,0.0,15.0,6.3941
std_s21,standard,1,21,1,nuts,2,beta_i,kernel_03,0,0.0,0.8518933653831482,5.0,4.78075,0.0,31.0,27.492
std_s22,standard,1,22,1,nuts,2,sigma_inv_chol_latent,kernel_00,0,0.0,0.913415551185608,5.0,2.97905,0.0,31.0,6.9213
std_s22,standard,1,22,1,nuts,2,mu,kernel_01,0,0.0,0.9052428603172302,5.0,2.58405,0.0,23.0,5.3542
std_s22,standard,1,22,1,nuts,2,Delta,kernel_02,0,0.0,0.8728931546211243,4.0,2.81255,0.0,15.0,6.2565
std_s22,standard,1,22,1,nuts,2,beta_i,kernel_03,0,0.0,0.8616403341293335,7.0,4.0533,0.0,95.0,15.8688
std_s23,standard,1,23,1,nuts,2,sigma_inv_chol_latent,kernel_00,0,0.0,0.907627820968628,5.0,2.98645,0.0,31.0,7.0198
std_s23,standard,1,23,1,nuts,2,mu,kernel_01,0,0.0,0.9125896692276,5.0,2.69275,0.0,23.0,5.7787
std_s23,standard,1,23,1,nuts,2,Delta,kernel_02,0,0.0,0.900542676448822,5.0,2.91945,0.0,23.0,6.6866
std_s23,standard,1,23,1,nuts,2,beta_i,kernel_03,0,0.0,0.8634800910949707,7.0,4.46485,0.0,127.0,22.4792
std_s24,standard,1,24,1,nuts,2,sigma_inv_chol_latent,kernel_00,0,0.0,0.8944310545921326,4.0,2.94965,0.0,15.0,6.7992
std_s24,standard,1,24,1,nuts,2,mu,kernel_01,0,0.0,0.906521201133728,5.0,2.59615,0.0,19.0,5.4092
std_s24,standard,1,24,1,nuts,2,Delta,kernel_02,0,0.0,0.8915714621543884,5.0,2.8698,0.0,19.0,6.4805
std_s24,standard,1,24,1,nuts,2,beta_i,kernel_03,0,0.0,0.8762130737304688,5.0,4.9999,0.0,31.0,30.9984
std_s25,standard,1,25,1,nuts,2,sigma_inv_chol_latent,kernel_00,0,0.0,0.8966174125671387,5.0,2.9632,0.0,23.0,6.8586
std_s25,standard,1,25,1,nuts,2,mu,kernel_01,0,0.0,0.9103081822395324,4.0,2.65135,0.0,15.0,5.6181
std_s25,standard,1,25,1,nuts,2,Delta,kernel_02,0,0.0,0.8973977565765381,4.0,2.89615,0.0,15.0,6.5868
std_s25,standard,1,25,1,nuts,2,beta_i,kernel_03,0,0.0,0.8599473834037781,5.0,4.6112,0.0,31.0,24.7792
std_s26,standard,1,26,1,nuts,2,sigma_inv_chol_latent,kernel_00,0,0.0,0.8867859244346619,4.0,2.9357,0.0,15.0,6.744
std_s26,standard,1,26,1,nuts,2,mu,kernel_01,0,0.0,0.9106007814407348,5.0,2.59725,0.0,23.0,5.4107
std_s26,standard,1,26,1,nuts,2,Delta,kernel_02,0,0.0,0.9118402600288392,3.0,2.9165,0.0,7.0,6.6659
std_s26,standard,1,26,1,nuts,2,beta_i,kernel_03,0,0.0,0.886202335357666,5.0,4.9994,0.0,31.0,30.9904
std_s27,standard,1,27,1,nuts,2,sigma_inv_chol_latent,kernel_00,0,0.0,0.8965368866920471,4.0,2.94525,0.0,15.0,6.7812
std_s27,standard,1,27,1,nuts,2,mu,kernel_01,0,0.0,0.9016988277435304,5.0,2.52885,0.0,31.0,5.1669
std_s27,standard,1,27,1,nuts,2,Delta,kernel_02,0,0.0,0.8703423738479614,5.0,2.7607,0.0,23.0,6.0471
std_s27,standard,1,27,1,nuts,2,beta_i,kernel_03,0,0.0,0.864013671875,5.0,4.99395,0.0,31.0,30.9032
std_s28,standard,1,28,1,nuts,2,sigma_inv_chol_latent,kernel_00,0,0.0,0.9043423533439636,4.0,2.95305,0.0,11.0,6.8122
std_s28,standard,1,28,1,nuts,2,mu,kernel_01,0,0.0,0.9045513868331908,5.0,2.56695,0.0,31.0,5.2995
std_s28,standard,1,28,1,nuts,2,Delta,kernel_02,0,0.0,0.8851302862167358,4.0,2.826,0.0,15.0,6.3043
std_s28,standard,1,28,1,nuts,2,beta_i,kernel_03,0,0.0,0.853746771812439,5.0,5.0,0.0,31.0,31.0
std_s29,standard,1,29,1,nuts,2,sigma_inv_chol_latent,kernel_00,0,0.0,0.9078240394592284,6.0,2.98795,0.0,47.0,7.0106
std_s29,standard,1,29,1,nuts,2,mu,kernel_01,0,0.0,0.9278600811958312,6.0,2.77835,0.0,47.0,6.1757
std_s29,standard,1,29,1,nuts,2,Delta,kernel_02,0,0.0,0.9035465121269226,4.0,2.93,0.0,15.0,6.7272
std_s29,standard,1,29,1,nuts,2,beta_i,kernel_03,0,0.0,0.8615222573280334,5.0,4.90585,0.0,31.0,29.4936
std_s30,standard,1,30,1,nuts,2,sigma_inv_chol_latent,kernel_00,0,0.0,0.9186439514160156,7.0,3.00845,0.0,111.0,7.1435
std_s30,standard,1,30,1,nuts,2,mu,kernel_01,0,0.0,0.9282835721969604,4.0,2.73135,0.0,15.0,5.9277
std_s30,standard,1,30,1,nuts,2,Delta,kernel_02,0,0.0,0.8939023613929749,4.0,2.8842,0.0,15.0,6.5383
std_s30,standard,1,30,1,nuts,2,beta_i,kernel_03,0,0.0,0.8612744212150574,5.0,4.99825,0.0,31.0,30.972
std_s31,standard,1,31,1,nuts,2,sigma_inv_chol_latent,kernel_00,0,0.0,0.8919711112976074,4.0,2.94995,0.0,15.0,6.8004
std_s31,standard,1,31,1,nuts,2,mu,kernel_01,0,0.0,0.9262503981590272,4.0,2.70605,0.0,15.0,5.8274
std_s31,standard,1,31,1,nuts,2,Delta,kernel_02,0,0.0,0.9153689742088318,5.0,2.93175,0.0,31.0,6.7312
std_s31,standard,1,31,1,nuts,2,beta_i,kernel_03,0,0.0,0.8630809783935547,5.0,4.75435,0.0,31.0,27.0696
std_s32,standard,1,32,1,nuts,2,sigma_inv_chol_latent,kernel_00,0,0.0,0.905249297618866,4.0,2.96725,0.0,15.0,6.8726
std_s32,standard,1,32,1,nuts,2,mu,kernel_01,0,0.0,0.9042428731918336,5.0,2.6615,0.0,17.0,5.6587
std_s32,standard,1,32,1,nuts,2,Delta,kernel_02,0,0.0,0.9003493189811707,5.0,2.91195,0.0,23.0,6.6524
std_s32,standard,1,32,1,nuts,2,beta_i,kernel_03,0,0.0,0.8573377132415771,5.0,4.4976,0.0,31.0,22.9616
std_s33,standard,1,33,1,nuts,2,sigma_inv_chol_latent,kernel_00,0,0.0,0.901129961013794,4.0,2.9608,0.0,15.0,6.844
std_s33,standard,1,33,1,nuts,2,mu,kernel_01,0,0.0,0.9057525396347046,4.0,2.6447,0.0,15.0,5.5937
std_s33,standard,1,33,1,nuts,2,Delta,kernel_02,0,0.0,0.9000764489173889,5.0,2.91135,0.0,23.0,6.6474
std_s33,standard,1,33,1,nuts,2,beta_i,kernel_03,0,0.0,0.8466914296150208,5.0,4.01305,0.0,31.0,15.2088
std_s34,standard,1,34,1,nuts,2,sigma_inv_chol_latent,kernel_00,0,0.0,0.9027667045593262,4.0,2.96415,0.0,15.0,6.857
std_s34,standard,1,34,1,nuts,2,mu,kernel_01,0,0.0,0.9190232157707214,5.0,2.6511,0.0,31.0,5.612
std_s34,standard,1,34,1,nuts,2,Delta,kernel_02,0,0.0,0.9008005857467652,4.0,2.8823,0.0,11.0,6.5292
std_s34,standard,1,34,1,nuts,2,beta_i,kernel_03,0,0.0,0.8559831976890564,5.0,4.64165,0.0,31.0,25.2664
std_s35,standard,1,35,1,nuts,2,sigma_inv_chol_latent,kernel_00,0,0.0,0.8931431770324707,3.0,2.93465,0.0,7.0,6.7386
std_s35,standard,1,35,1,nuts,2,mu,kernel_01,0,0.0,0.9110656976699828,5.0,2.60505,0.0,23.0,5.4324
std_s35,standard,1,35,1,nuts,2,Delta,kernel_02,0,0.0,0.875837504863739,5.0,2.794,0.0,23.0,6.186
std_s35,standard,1,35,1,nuts,2,beta_i,kernel_03,0,0.0,0.8699035048484802,5.0,4.98215,0.0,31.0,30.7144
std_s36,standard,1,36,1,nuts,2,sigma_inv_chol_latent,kernel_00,0,0.0,0.9035674929618835,4.0,2.9646,0.0,15.0,6.8596
std_s36,standard,1,36,1,nuts,2,mu,kernel_01,0,0.0,0.9171695113182068,4.0,2.66085,0.0,15.0,5.6588
std_s36,standard,1,36,1,nuts,2,Delta,kernel_02,0,0.0,0.8860880732536316,4.0,2.86115,0.0,15.0,6.4473
std_s36,standard,1,36,1,nuts,2,beta_i,kernel_03,0,0.0,0.843040943145752,5.0,4.4692,0.0,31.0,22.5072
std_s37,standard,1,37,1,nuts,2,sigma_inv_chol_latent,kernel_00,0,0.0,0.8738323450088501,4.0,2.8643,0.0,15.0,6.4584
std_s37,standard,1,37,1,nuts,2,mu,kernel_01,0,0.0,0.9002932906150818,5.0,2.51975,0.0,31.0,5.1205
std_s37,standard,1,37,1,nuts,2,Delta,kernel_02,0,0.0,0.8867418766021729,4.0,2.8383,0.0,15.0,6.3543
std_s37,standard,1,37,1,nuts,2,beta_i,kernel_03,0,0.0,0.8491273522377014,6.0,4.15745,0.0,63.0,17.52
std_s38,standard,1,38,1,nuts,2,sigma_inv_chol_latent,kernel_00,0,0.0,0.9094085097312928,3.0,2.9641,0.0,7.0,6.8564
std_s38,standard,1,38,1,nuts,2,mu,kernel_01,0,0.0,0.9103505611419678,5.0,2.62095,0.0,23.0,5.5042
std_s38,standard,1,38,1,nuts,2,Delta,kernel_02,0,0.0,0.9010773301124572,3.0,2.8961,0.0,7.0,6.5842
std_s38,standard,1,38,1,nuts,2,beta_i,kernel_03,0,0.0,0.8478583693504333,5.0,4.99115,0.0,31.0,30.8584
std_s39,standard,1,39,1,nuts,2,sigma_inv_chol_latent,kernel_00,0,0.0,0.8981016874313354,5.0,2.9791,0.0,31.0,6.956
std_s39,standard,1,39,1,nuts,2,mu,kernel_01,0,0.0,0.9164875149726868,4.0,2.6509,0.0,15.0,5.6138
std_s39,standard,1,39,1,nuts,2,Delta,kernel_02,0,0.0,0.8991760015487671,4.0,2.89385,0.0,15.0,6.5766
std_s39,standard,1,39,1,nuts,2,beta_i,kernel_03,0,0.0,0.8657475709915161,5.0,4.9998,0.0,31.0,30.9968
std_s40,standard,1,40,1,nuts,2,sigma_inv_chol_latent,kernel_00,0,0.0,0.8851802945137024,4.0,2.9149,0.0,15.0,6.6606
std_s40,standard,1,40,1,nuts,2,mu,kernel_01,0,0.0,0.901060938835144,5.0,2.5589,0.0,23.0,5.2741
std_s40,standard,1,40,1,nuts,2,Delta,kernel_02,0,0.0,0.8930240273475647,4.0,2.8738,0.0,15.0,6.4956
std_s40,standard,1,40,1,nuts,2,beta_i,kernel_03,0,0.0,0.8696111440658569,5.0,4.9756,0.0,31.0,30.6096
std_s41,standard,1,41,1,nuts,2,sigma_inv_chol_latent,kernel_00,0,0.0,0.895756721496582,5.0,2.96765,0.0,23.0,6.8822
std_s41,standard,1,41,1,nuts,2,mu,kernel_01,0,0.0,0.9294179677963256,4.0,2.76075,0.0,15.0,6.0463
std_s41,standard,1,41,1,nuts,2,Delta,kernel_02,0,0.0,0.8946933746337891,4.0,2.8958,0.0,15.0,6.5862
std_s41,standard,1,41,1,nuts,2,beta_i,kernel_03,0,0.0,0.8570215106010437,5.0,4.83855,0.0,31.0,28.4168
std_s42,standard,1,42,1,nuts,2,sigma_inv_chol_latent,kernel_00,0,0.0,0.8820858597755432,4.0,2.93495,0.0,15.0,6.7412
std_s42,standard,1,42,1,nuts,2,mu,kernel_01,0,0.0,0.9088693261146544,5.0,2.60315,0.0,31.0,5.4538
std_s42,standard,1,42,1,nuts,2,Delta,kernel_02,0,0.0,0.8914256691932678,5.0,2.85685,0.0,19.0,6.431
std_s42,standard,1,42,1,nuts,2,beta_i,kernel_03,0,0.0,0.8695825338363647,5.0,4.9997,0.0,31.0,30.9952
std_s43,standard,1,43,1,nuts,2,sigma_inv_chol_latent,kernel_00,0,0.0,0.8767802715301514,4.0,2.9361,0.0,15.0,6.7462
std_s43,standard,1,43,1,nuts,2,mu,kernel_01,0,0.0,0.9109030365943908,4.0,2.61465,0.0,15.0,5.4743
std_s43,standard,1,43,1,nuts,2,Delta,kernel_02,0,0.0,0.9072863459587096,4.0,2.91255,0.0,11.0,6.6502
std_s43,standard,1,43,1,nuts,2,beta_i,kernel_03,0,0.0,0.8730612993240356,5.0,4.99495,0.0,31.0,30.9192
std_s44,standard,1,44,1,nuts,2,sigma_inv_chol_latent,kernel_00,0,0.0,0.9042980670928956,4.0,2.96635,0.0,15.0,6.8658
std_s44,standard,1,44,1,nuts,2,mu,kernel_01,0,0.0,0.912883996963501,4.0,2.62105,0.0,15.0,5.498
std_s44,standard,1,44,1,nuts,2,Delta,kernel_02,0,0.0,0.890227735042572,5.0,2.84425,0.0,23.0,6.3824
std_s44,standard,1,44,1,nuts,2,beta_i,kernel_03,0,0.0,0.8680111169815063,6.0,4.63935,0.0,47.0,25.2296
std_s45,standard,1,45,1,nuts,2,sigma_inv_chol_latent,kernel_00,0,0.0,0.9108620882034302,6.0,2.98005,0.0,39.0,6.9366
std_s45,standard,1,45,1,nuts,2,mu,kernel_01,0,0.0,0.9064436554908752,4.0,2.6418,0.0,15.0,5.5799
std_s45,standard,1,45,1,nuts,2,Delta,kernel_02,0,0.0,0.8982095718383789,5.0,2.90885,0.0,23.0,6.6419
std_s45,standard,1,45,1,nuts,2,beta_i,kernel_03,0,0.0,0.8705175518989563,5.0,4.75285,0.0,31.0,27.0456
std_s46,standard,1,46,1,nuts,2,sigma_inv_chol_latent,kernel_00,0,0.0,0.9058164358139038,3.0,2.9609,0.0,7.0,6.8436
std_s46,standard,1,46,1,nuts,2,mu,kernel_01,0,0.0,0.9106361269950868,4.0,2.61215,0.0,15.0,5.4619
std_s46,standard,1,46,1,nuts,2,Delta,kernel_02,0,0.0,0.8804495930671692,4.0,2.82165,0.0,15.0,6.2899
std_s46,standard,1,46,1,nuts,2,beta_i,kernel_03,0,0.0,0.863341212272644,5.0,4.5978,0.0,31.0,24.5648
std_s47,standard,1,47,1,nuts,2,sigma_inv_chol_latent,kernel_00,0,0.0,0.906692385673523,5.0,2.9849,0.0,31.0,6.9854
std_s47,standard,1,47,1,nuts,2,mu,kernel_01,0,0.0,0.9158101677894592,5.0,2.69975,0.0,21.0,5.8066
std_s47,standard,1,47,1,nuts,2,Delta,kernel_02,0,0.0,0.9047593474388124,4.0,2.9241,0.0,15.0,6.6991
std_s47,standard,1,47,1,nuts,2,beta_i,kernel_03,0,0.0,0.8863222599029541,5.0,5.0,0.0,31.0,31.0
std_s48,standard,1,48,1,nuts,2,sigma_inv_chol_latent,kernel_00,0,0.0,0.907569706439972,6.0,2.98995,0.0,39.0,7.0292
std_s48,standard,1,48,1,nuts,2,mu,kernel_01,0,0.0,0.9285730719566344,4.0,2.7241,0.0,15.0,5.898
std_s48,standard,1,48,1,nuts,2,Delta,kernel_02,0,0.0,0.9002248048782349,4.0,2.8961,0.0,15.0,6.5854
std_s48,standard,1,48,1,nuts,2,beta_i,kernel_03,0,0.0,0.8430700898170471,5.0,4.93705,0.0,31.0,29.9928
std_s49,standard,1,49,1,nuts,2,sigma_inv_chol_latent,kernel_00,0,0.0,0.886218249797821,4.0,2.9329,0.0,15.0,6.7322
std_s49,standard,1,49,1,nuts,2,mu,kernel_01,0,0.0,0.9126237034797668,4.0,2.6437,0.0,15.0,5.5898
std_s49,standard,1,49,1,nuts,2,Delta,kernel_02,0,0.0,0.9002841711044312,4.0,2.8924,0.0,15.0,6.5702
std_s49,standard,1,49,1,nuts,2,beta_i,kernel_03,0,0.0,0.8640742897987366,5.0,5.0,0.0,31.0,31.0
std_s50,standard,1,50,1,nuts,2,sigma_inv_chol_latent,kernel_00,0,0.0,0.8938027620315552,3.0,2.939,0.0,7.0,6.756
std_s50,standard,1,50,1,nuts,2,mu,kernel_01,0,0.0,0.9180394411087036,4.0,2.66735,0.0,15.0,5.6786
std_s50,standard,1,50,1,nuts,2,Delta,kernel_02,0,0.0,0.9001518487930298,4.0,2.89375,0.0,15.0,6.5752
std_s50,standard,1,50,1,nuts,2,beta_i,kernel_03,0,0.0,0.851711630821228,5.0,4.70055,0.0,31.0,26.2088
std_s51,standard,1,51,1,nuts,2,sigma_inv_chol_latent,kernel_00,0,0.0,0.8993726372718811,3.0,2.94545,0.0,7.0,6.7818
std_s51,standard,1,51,1,nuts,2,mu,kernel_01,0,0.0,0.9193421602249146,5.0,2.67545,0.0,23.0,5.7085
std_s51,standard,1,51,1,nuts,2,Delta,kernel_02,0,0.0,0.8901129961013794,4.0,2.8718,0.0,15.0,6.4885
std_s51,standard,1,51,1,nuts,2,beta_i,kernel_03,0,0.0,0.8641144633293152,5.0,5.0,0.0,31.0,31.0
std_s52,standard,1,52,1,nuts,2,sigma_inv_chol_latent,kernel_00,0,0.0,0.906952738761902,4.0,2.96895,0.0,15.0,6.8765
std_s52,standard,1,52,1,nuts,2,mu,kernel_01,0,0.0,0.917029082775116,4.0,2.65465,0.0,15.0,5.6245
std_s52,standard,1,52,1,nuts,2,Delta,kernel_02,0,0.0,0.862137496471405,5.0,2.7501,0.0,23.0,6.0209
std_s52,standard,1,52,1,nuts,2,beta_i,kernel_03,0,0.0,0.8652810454368591,5.0,4.94095,0.0,31.0,30.0552
std_s53,standard,1,53,1,nuts,2,sigma_inv_chol_latent,kernel_00,0,0.0,0.8736160397529602,4.0,2.8877,0.0,15.0,6.5519
std_s53,standard,1,53,1,nuts,2,mu,kernel_01,0,0.0,0.9044800996780396,5.0,2.5909,0.0,23.0,5.3986
std_s53,standard,1,53,1,nuts,2,Delta,kernel_02,0,0.0,0.9004499912261963,4.0,2.8927,0.0,15.0,6.5713
std_s53,standard,1,53,1,nuts,2,beta_i,kernel_03,0,0.0,0.8793466687202454,5.0,4.99585,0.0,31.0,30.9336
std_s54,standard,1,54,1,nuts,2,sigma_inv_chol_latent,kernel_00,0,0.0,0.8898411989212036,3.0,2.92165,0.0,7.0,6.6866
std_s54,standard,1,54,1,nuts,2,mu,kernel_01,0,0.0,0.9086195230484008,5.0,2.59365,0.0,31.0,5.4203
std_s54,standard,1,54,1,nuts,2,Delta,kernel_02,0,0.0,0.9021080136299132,4.0,2.88675,0.0,15.0,6.5476
std_s54,standard,1,54,1,nuts,2,beta_i,kernel_03,0,0.0,0.849374532699585,5.0,4.83045,0.0,31.0,28.2872
std_s55,standard,1,55,1,nuts,2,sigma_inv_chol_latent,kernel_00,0,0.0,0.8944002985954285,4.0,2.94265,0.0,15.0,6.771
std_s55,standard,1,55,1,nuts,2,mu,kernel_01,0,0.0,0.8991913795471191,5.0,2.52475,0.0,31.0,5.1815
std_s55,standard,1,55,1,nuts,2,Delta,kernel_02,0,0.0,0.9093759655952454,3.0,2.90685,0.0,7.0,6.6274
std_s55,standard,1,55,1,nuts,2,beta_i,kernel_03,0,0.0,0.8691145777702332,5.0,4.99995,0.0,31.0,30.9992
std_s56,standard,1,56,1,nuts,2,sigma_inv_chol_latent,kernel_00,0,0.0,0.9049976468086244,6.0,2.97745,0.0,39.0,6.9292
std_s56,standard,1,56,1,nuts,2,mu,kernel_01,0,0.0,0.910912275314331,4.0,2.66445,0.0,15.0,5.667
std_s56,standard,1,56,1,nuts,2,Delta,kernel_02,0,0.0,0.8857095837593079,5.0,2.8639,0.0,23.0,6.4604
std_s56,standard,1,56,1,nuts,2,beta_i,kernel_03,0,0.0,0.8463031053543091,5.0,4.99995,0.0,31.0,30.9992
std_s57,standard,1,57,1,nuts,2,sigma_inv_chol_latent,kernel_00,0,0.0,0.9042612314224244,6.0,2.96435,0.0,39.0,6.8814
std_s57,standard,1,57,1,nuts,2,mu,kernel_01,0,0.0,0.9115326404571532,4.0,2.6335,0.0,15.0,5.5453
std_s57,standard,1,57,1,nuts,2,Delta,kernel_02,0,0.0,0.9089234471321106,4.0,2.9233,0.0,15.0,6.6934
std_s57,standard,1,57,1,nuts,2,beta_i,kernel_03,0,0.0,0.8607292175292969,5.0,4.81505,0.0,31.0,28.0408
std_s58,standard,1,58,1,nuts,2,sigma_inv_chol_latent,kernel_00,0,0.0,0.9079864025115968,4.0,2.9717,0.0,15.0,6.8878
std_s58,standard,1,58,1,nuts,2,mu,kernel_01,0,0.0,0.8845455050468445,5.0,2.46035,0.0,31.0,4.9317
std_s58,standard,1,58,1,nuts,2,Delta,kernel_02,0,0.0,0.8899831771850586,4.0,2.8503,0.0,15.0,6.4028
std_s58,standard,1,58,1,nuts,2,beta_i,kernel_03,0,0.0,0.8549094796180725,5.0,4.6309,0.0,31.0,25.0944
std_s59,standard,1,59,1,nuts,2,sigma_inv_chol_latent,kernel_00,0,0.0,0.9005916118621826,3.0,2.95385,0.0,7.0,6.8154
std_s59,standard,1,59,1,nuts,2,mu,kernel_01,0,0.0,0.923434555530548,4.0,2.6856,0.0,15.0,5.7468
std_s59,standard,1,59,1,nuts,2,Delta,kernel_02,0,0.0,0.909910261631012,3.0,2.9144,0.0,7.0,6.6576
std_s59,standard,1,59,1,nuts,2,beta_i,kernel_03,0,0.0,0.8496996164321899,5.0,4.97355,0.0,31.0,30.5768
std_s60,standard,1,60,1,nuts,2,sigma_inv_chol_latent,kernel_00,0,0.0,0.9122620820999146,5.0,2.97525,0.0,23.0,6.9054
std_s60,standard,1,60,1,nuts,2,mu,kernel_01,0,0.0,0.9054355621337892,5.0,2.5703,0.0,31.0,5.3086
std_s60,standard,1,60,1,nuts,2,Delta,kernel_02,0,0.0,0.8945101499557495,4.0,2.88065,0.0,15.0,6.5232
std_s60,standard,1,60,1,nuts,2,beta_i,kernel_03,0,0.0,0.8805845975875854,5.0,4.99965,0.0,31.0,30.9944
std_s61,standard,1,61,1,nuts,2,sigma_inv_chol_latent,kernel_00,0,0.0,0.8867666125297546,4.0,2.9479,0.0,15.0,6.7968
std_s61,standard,1,61,1,nuts,2,mu,kernel_01,0,0.0,0.9405251741409302,6.0,2.9597,0.0,63.0,7.277
std_s61,standard,1,61,1,nuts,2,Delta,kernel_02,0,0.0,0.896257221698761,5.0,2.927,0.0,31.0,6.7215
std_s61,standard,1,61,1,nuts,2,beta_i,kernel_03,0,0.0,0.8472709059715271,5.0,4.9965,0.0,31.0,30.944
std_s62,standard,1,62,1,nuts,2,sigma_inv_chol_latent,kernel_00,0,0.0,0.9017800092697144,3.0,2.9489,0.0,7.0,6.7956
std_s62,standard,1,62,1,nuts,2,mu,kernel_01,0,0.0,0.9067520499229432,5.0,2.55485,0.0,23.0,5.2464
std_s62,standard,1,62,1,nuts,2,Delta,kernel_02,0,0.0,0.8935195207595825,4.0,2.85115,0.0,11.0,6.4046
std_s62,standard,1,62,1,nuts,2,beta_i,kernel_03,0,0.0,0.8435067534446716,5.0,4.82845,0.0,31.0,28.2552
std_s63,standard,1,63,1,nuts,2,sigma_inv_chol_latent,kernel_00,0,0.0,0.8922246098518372,3.0,2.92955,0.0,7.0,6.7182
std_s63,standard,1,63,1,nuts,2,mu,kernel_01,0,0.0,0.9088631868362428,5.0,2.58995,0.0,31.0,5.3845
std_s63,standard,1,63,1,nuts,2,Delta,kernel_02,0,0.0,0.9096488356590272,3.0,2.91305,0.0,7.0,6.6522
std_s63,standard,1,63,1,nuts,2,beta_i,kernel_03,0,0.0,0.8607268333435059,5.0,4.9555,0.0,31.0,30.288
std_s64,standard,1,64,1,nuts,2,sigma_inv_chol_latent,kernel_00,0,0.0,0.8866562247276306,4.0,2.9309,0.0,15.0,6.724
std_s64,standard,1,64,1,nuts,2,mu,kernel_01,0,0.0,0.9134365320205688,4.0,2.6311,0.0,15.0,5.5367
std_s64,standard,1,64,1,nuts,2,Delta,kernel_02,0,0.0,0.9035201072692872,4.0,2.8972,0.0,15.0,6.5891
std_s64,standard,1,64,1,nuts,2,beta_i,kernel_03,0,0.0,0.8589848875999451,5.0,4.5532,0.0,31.0,23.8512
std_s65,standard,1,65,1,nuts,2,sigma_inv_chol_latent,kernel_00,0,0.0,0.8959805369377136,4.0,2.95215,0.0,15.0,6.8088
std_s65,standard,1,65,1,nuts,2,mu,kernel_01,0,0.0,0.90127295255661,5.0,2.55145,0.0,31.0,5.2463
std_s65,standard,1,65,1,nuts,2,Delta,kernel_02,0,0.0,0.8953129053115845,4.0,2.8576,0.0,15.0,6.4319
std_s65,standard,1,65,1,nuts,2,beta_i,kernel_03,0,0.0,0.8699723482131958,5.0,5.0,0.0,31.0,31.0
std_s66,standard,1,66,1,nuts,2,sigma_inv_chol_latent,kernel_00,0,0.0,0.8933287858963013,4.0,2.9509,0.0,15.0,6.8042
std_s66,standard,1,66,1,nuts,2,mu,kernel_01,0,0.0,0.9176793098449708,4.0,2.63365,0.0,15.0,5.5425
std_s66,standard,1,66,1,nuts,2,Delta,kernel_02,0,0.0,0.9032988548278807,4.0,2.8846,0.0,11.0,6.5383
std_s66,standard,1,66,1,nuts,2,beta_i,kernel_03,0,0.0,0.8715628981590271,5.0,5.0,0.0,31.0,31.0
std_s67,standard,1,67,1,nuts,2,sigma_inv_chol_latent,kernel_00,0,0.0,0.8935608267784119,4.0,2.9527,0.0,15.0,6.8112
std_s67,standard,1,67,1,nuts,2,mu,kernel_01,0,0.0,0.9203527569770812,4.0,2.7114,0.0,15.0,5.8532
std_s67,standard,1,67,1,nuts,2,Delta,kernel_02,0,0.0,0.8770620822906494,4.0,2.85335,0.0,15.0,6.4226
std_s67,standard,1,67,1,nuts,2,beta_i,kernel_03,0,0.0,0.8574593663215637,5.0,4.64405,0.0,31.0,25.3048
std_s68,standard,1,68,1,nuts,2,sigma_inv_chol_latent,kernel_00,0,0.0,0.8749414086341858,4.0,2.89435,0.0,15.0,6.5791
std_s68,standard,1,68,1,nuts,2,mu,kernel_01,0,0.0,0.9060394763946532,5.0,2.57005,0.0,31.0,5.3062
std_s68,standard,1,68,1,nuts,2,Delta,kernel_02,0,0.0,0.8892037868499756,4.0,2.84925,0.0,15.0,6.3985
std_s68,standard,1,68,1,nuts,2,beta_i,kernel_03,0,0.0,0.8772345781326294,5.0,4.9746,0.0,31.0,30.5936
std_s69,standard,1,69,1,nuts,2,sigma_inv_chol_latent,kernel_00,0,0.0,0.8843363523483276,4.0,2.92195,0.0,15.0,6.6888
std_s69,standard,1,69,1,nuts,2,mu,kernel_01,0,0.0,0.9117624759674072,5.0,2.6197,0.0,27.0,5.4997
std_s69,standard,1,69,1,nuts,2,Delta,kernel_02,0,0.0,0.8884904384613037,4.0,2.85075,0.0,15.0,6.4037
std_s69,standard,1,69,1,nuts,2,beta_i,kernel_03,0,0.0,0.8656052947044373,5.0,4.9604,0.0,31.0,30.3664
std_s70,standard,1,70,1,nuts,2,sigma_inv_chol_latent,kernel_00,0,0.0,0.8804894685745239,4.0,2.9349,0.0,15.0,6.741
std_s70,standard,1,70,1,nuts,2,mu,kernel_01,0,0.0,0.9027624726295472,5.0,2.5595,0.0,31.0,5.267
std_s70,standard,1,70,1,nuts,2,Delta,kernel_02,0,0.0,0.8969566226005554,4.0,2.88105,0.0,15.0,6.5246
std_s70,standard,1,70,1,nuts,2,beta_i,kernel_03,0,0.0,0.8560023307800293,5.0,4.98815,0.0,31.0,30.8104
std_s71,standard,1,71,1,nuts,2,sigma_inv_chol_latent,kernel_00,0,0.0,0.8832798004150391,4.0,2.9167,0.0,15.0,6.6671
std_s71,standard,1,71,1,nuts,2,mu,kernel_01,0,0.0,0.9174310564994812,4.0,2.6243,0.0,15.0,5.5019
std_s71,standard,1,71,1,nuts,2,Delta,kernel_02,0,0.0,0.8962517380714417,4.0,2.85545,0.0,15.0,6.4219
std_s71,standard,1,71,1,nuts,2,beta_i,kernel_03,0,0.0,0.8653869032859802,5.0,4.5013,0.0,31.0,23.0208
std_s72,standard,1,72,1,nuts,2,sigma_inv_chol_latent,kernel_00,0,0.0,0.8932620882987976,3.0,2.93775,0.0,7.0,6.751
std_s72,standard,1,72,1,nuts,2,mu,kernel_01,0,0.0,0.8937270641326904,5.0,2.5245,0.0,31.0,5.1596
std_s72,standard,1,72,1,nuts,2,Delta,kernel_02,0,0.0,0.8865143656730652,4.0,2.8438,0.0,15.0,6.3765
std_s72,standard,1,72,1,nuts,2,beta_i,kernel_03,0,0.0,0.8636829853057861,7.0,4.24535,0.0,95.0,18.9872
std_s73,standard,1,73,1,nuts,2,sigma_inv_chol_latent,kernel_00,0,0.0,0.8936095833778381,4.0,2.94375,0.0,15.0,6.7752
std_s73,standard,1,73,1,nuts,2,mu,kernel_01,0,0.0,0.8861187696456909,5.0,2.4614,0.0,31.0,4.9194
std_s73,standard,1,73,1,nuts,2,Delta,kernel_02,0,0.0,0.8976280093193054,3.0,2.87845,0.0,7.0,6.5139
std_s73,standard,1,73,1,nuts,2,beta_i,kernel_03,0,0.0,0.8732135891914368,5.0,5.0,0.0,31.0,31.0
std_s74,standard,1,74,1,nuts,2,sigma_inv_chol_latent,kernel_00,0,0.0,0.9036892652511596,3.0,2.96005,0.0,7.0,6.8402
std_s74,standard,1,74,1,nuts,2,mu,kernel_01,0,0.0,0.9138636589050292,5.0,2.6298,0.0,19.0,5.5339
std_s74,standard,1,74,1,nuts,2,Delta,kernel_02,0,0.0,0.8823049664497375,4.0,2.8303,0.0,15.0,6.3285
std_s74,standard,1,74,1,nuts,2,beta_i,kernel_03,0,0.0,0.8615262508392334,5.0,5.0,0.0,31.0,31.0
std_s75,standard,1,75,1,nuts,2,sigma_inv_chol_latent,kernel_00,0,0.0,0.8827788829803467,3.0,2.91635,0.0,7.0,6.6654
std_s75,standard,1,75,1,nuts,2,mu,kernel_01,0,0.0,0.919518232345581,4.0,2.6387,0.0,15.0,5.5671
std_s75,standard,1,75,1,nuts,2,Delta,kernel_02,0,0.0,0.8876224756240845,4.0,2.84325,0.0,15.0,6.3741
std_s75,standard,1,75,1,nuts,2,beta_i,kernel_03,0,0.0,0.8620541095733643,5.0,4.99955,0.0,31.0,30.9928
std_s76,standard,1,76,1,nuts,2,sigma_inv_chol_latent,kernel_00,0,0.0,0.8786853551864624,4.0,2.9139,0.0,15.0,6.6562
std_s76,standard,1,76,1,nuts,2,mu,kernel_01,0,0.0,0.9068820476531982,5.0,2.59455,0.0,31.0,5.4112
std_s76,standard,1,76,1,nuts,2,Delta,kernel_02,0,0.0,0.8731426000595093,5.0,2.79685,0.0,23.0,6.2042
std_s76,standard,1,76,1,nuts,2,beta_i,kernel_03,0,0.0,0.8781874179840088,5.0,4.97265,0.0,31.0,30.5624
std_s77,standard,1,77,1,nuts,2,sigma_inv_chol_latent,kernel_00,0,0.0,0.8964824080467224,4.0,2.96005,0.0,15.0,6.8412
std_s77,standard,1,77,1,nuts,2,mu,kernel_01,0,0.0,0.9056687355041504,4.0,2.6018,0.0,15.0,5.4274
std_s77,standard,1,77,1,nuts,2,Delta,kernel_02,0,0.0,0.9004056453704834,5.0,2.90225,0.0,23.0,6.6108
std_s77,standard,1,77,1,nuts,2,beta_i,kernel_03,0,0.0,0.8538440465927124,5.0,4.97145,0.0,31.0,30.5432
std_s78,standard,1,78,1,nuts,2,sigma_inv_chol_latent,kernel_00,0,0.0,0.9138818383216858,5.0,2.98495,0.0,31.0,6.9572
std_s78,standard,1,78,1,nuts,2,mu,kernel_01,0,0.0,0.9087721705436708,4.0,2.6095,0.0,15.0,5.4584
std_s78,standard,1,78,1,nuts,2,Delta,kernel_02,0,0.0,0.8823533058166504,5.0,2.83925,0.0,19.0,6.3631
std_s78,standard,1,78,1,nuts,2,beta_i,kernel_03,0,0.0,0.8242542147636414,5.0,4.028,0.0,31.0,15.448
std_s79,standard,1,79,1,nuts,2,sigma_inv_chol_latent,kernel_00,0,0.0,0.9158312678337096,6.0,3.05415,0.0,47.0,7.5038
std_s79,standard,1,79,1,nuts,2,mu,kernel_01,0,0.0,0.9147597551345824,4.0,2.66705,0.0,15.0,5.6814
std_s79,standard,1,79,1,nuts,2,Delta,kernel_02,0,0.0,0.8868955373764038,4.0,2.87265,0.0,15.0,6.4963
std_s79,standard,1,79,1,nuts,2,beta_i,kernel_03,0,0.0,0.8575179576873779,5.0,4.928,0.0,31.0,29.848
std_s80,standard,1,80,1,nuts,2,sigma_inv_chol_latent,kernel_00,0,0.0,0.8896239995956421,3.0,2.932,0.0,7.0,6.728
std_s80,standard,1,80,1,nuts,2,mu,kernel_01,0,0.0,0.9020944237709044,5.0,2.54115,0.0,23.0,5.1944
std_s80,standard,1,80,1,nuts,2,Delta,kernel_02,0,0.0,0.8860320448875427,4.0,2.8324,0.0,15.0,6.3304
std_s80,standard,1,80,1,nuts,2,beta_i,kernel_03,0,0.0,0.8598775267601013,5.0,4.9999,0.0,31.0,30.9984
std_s81,standard,1,81,1,nuts,2,sigma_inv_chol_latent,kernel_00,0,0.0,0.8816562294960022,4.0,2.886,0.0,15.0,6.559
std_s81,standard,1,81,1,nuts,2,mu,kernel_01,0,0.0,0.9205217957496644,4.0,2.6818,0.0,15.0,5.7321
std_s81,standard,1,81,1,nuts,2,Delta,kernel_02,0,0.0,0.9027684330940248,4.0,2.90835,0.0,15.0,6.6339
std_s81,standard,1,81,1,nuts,2,beta_i,kernel_03,0,0.0,0.8774858117103577,5.0,4.9957,0.0,31.0,30.9312
std_s82,standard,1,82,1,nuts,2,sigma_inv_chol_latent,kernel_00,0,0.0,0.8957207202911377,3.0,2.93855,0.0,7.0,6.7542
std_s82,standard,1,82,1,nuts,2,mu,kernel_01,0,0.0,0.901117205619812,5.0,2.5336,0.0,23.0,5.1741
std_s82,standard,1,82,1,nuts,2,Delta,kernel_02,0,0.0,0.8718010783195496,4.0,2.78085,0.0,15.0,6.1309
std_s82,standard,1,82,1,nuts,2,beta_i,kernel_03,0,0.0,0.8645058870315552,6.0,4.46015,0.0,63.0,22.368
std_s83,standard,1,83,1,nuts,2,sigma_inv_chol_latent,kernel_00,0,0.0,0.8963934779167175,3.0,2.9408,0.0,7.0,6.7632
std_s83,standard,1,83,1,nuts,2,mu,kernel_01,0,0.0,0.9148013591766356,4.0,2.60495,0.0,15.0,5.4307
std_s83,standard,1,83,1,nuts,2,Delta,kernel_02,0,0.0,0.8823935389518738,4.0,2.8104,0.0,15.0,6.243
std_s83,standard,1,83,1,nuts,2,beta_i,kernel_03,0,0.0,0.8511480689048767,5.0,4.99995,0.0,31.0,30.9992
std_s84,standard,1,84,1,nuts,2,sigma_inv_chol_latent,kernel_00,0,0.0,0.8984255790710449,4.0,2.95265,0.0,11.0,6.8106
std_s84,standard,1,84,1,nuts,2,mu,kernel_01,0,0.0,0.9173156023025512,4.0,2.66295,0.0,15.0,5.6589
std_s84,standard,1,84,1,nuts,2,Delta,kernel_02,0,0.0,0.8972074389457703,4.0,2.88765,0.0,15.0,6.551
std_s84,standard,1,84,1,nuts,2,beta_i,kernel_03,0,0.0,0.860645592212677,6.0,4.4376,0.0,63.0,22.0064
std_s85,standard,1,85,1,nuts,2,sigma_inv_chol_latent,kernel_00,0,0.0,0.8950140476226807,4.0,2.9452,0.0,15.0,6.786
std_s85,standard,1,85,1,nuts,2,mu,kernel_01,0,0.0,0.917713463306427,5.0,2.663,0.0,19.0,5.6594
std_s85,standard,1,85,1,nuts,2,Delta,kernel_02,0,0.0,0.8869441151618958,4.0,2.85845,0.0,15.0,6.4367
std_s85,standard,1,85,1,nuts,2,beta_i,kernel_03,0,0.0,0.8597884774208069,5.0,4.7801,0.0,31.0,27.4816
std_s86,standard,1,86,1,nuts,2,sigma_inv_chol_latent,kernel_00,0,0.0,0.9005441665649414,6.0,3.0279,0.0,47.0,7.3236
std_s86,standard,1,86,1,nuts,2,mu,kernel_01,0,0.0,0.9224298000335692,5.0,2.71135,0.0,23.0,5.8542
std_s86,standard,1,86,1,nuts,2,Delta,kernel_02,0,0.0,0.9035548567771912,5.0,2.9247,0.0,31.0,6.7066
std_s86,standard,1,86,1,nuts,2,beta_i,kernel_03,0,0.0,0.8671696186065674,5.0,4.99985,0.0,31.0,30.9976
std_s87,standard,1,87,1,nuts,2,sigma_inv_chol_latent,kernel_00,0,0.0,0.9038820266723632,3.0,2.95965,0.0,7.0,6.8386
std_s87,standard,1,87,1,nuts,2,mu,kernel_01,0,0.0,0.9089783430099488,5.0,2.5938,0.0,23.0,5.4018
std_s87,standard,1,87,1,nuts,2,Delta,kernel_02,0,0.0,0.9048107266426086,3.0,2.9001,0.0,7.0,6.6003
std_s87,standard,1,87,1,nuts,2,beta_i,kernel_03,0,0.0,0.8815925717353821,5.0,5.0,0.0,31.0,31.0
std_s88,standard,1,88,1,nuts,2,sigma_inv_chol_latent,kernel_00,0,0.0,0.88364177942276,4.0,2.91585,0.0,15.0,6.6644
std_s88,standard,1,88,1,nuts,2,mu,kernel_01,0,0.0,0.9233890771865844,4.0,2.6797,0.0,15.0,5.7304
std_s88,standard,1,88,1,nuts,2,Delta,kernel_02,0,0.0,0.9125235080718994,3.0,2.9236,0.0,7.0,6.6943
std_s88,standard,1,88,1,nuts,2,beta_i,kernel_03,0,0.0,0.8842422962188721,6.0,4.9745,0.0,63.0,30.5984
std_s89,standard,1,89,1,nuts,2,sigma_inv_chol_latent,kernel_00,0,0.0,0.8810307383537292,4.0,2.91125,0.0,15.0,6.6456
std_s89,standard,1,89,1,nuts,2,mu,kernel_01,0,0.0,0.9134421944618224,4.0,2.63055,0.0,15.0,5.5342
std_s89,standard,1,89,1,nuts,2,Delta,kernel_02,0,0.0,0.90763258934021,4.0,2.90905,0.0,11.0,6.6364
std_s89,standard,1,89,1,nuts,2,beta_i,kernel_03,0,0.0,0.8706504106521606,5.0,4.97275,0.0,31.0,30.564
std_s90,standard,1,90,1,nuts,2,sigma_inv_chol_latent,kernel_00,0,0.0,0.911288559436798,5.0,2.9797,0.0,23.0,6.9336
std_s90,standard,1,90,1,nuts,2,mu,kernel_01,0,0.0,0.9199484586715698,4.0,2.6704,0.0,15.0,5.6901
std_s90,standard,1,90,1,nuts,2,Delta,kernel_02,0,0.0,0.8953593969345093,4.0,2.86735,0.0,15.0,6.4695
std_s90,standard,1,90,1,nuts,2,beta_i,kernel_03,0,0.0,0.8568272590637207,5.0,4.9904,0.0,31.0,30.8464
std_s91,standard,1,91,1,nuts,2,sigma_inv_chol_latent,kernel_00,0,0.0,0.8911733627319336,4.0,2.9459,0.0,15.0,6.784
std_s91,standard,1,91,1,nuts,2,mu,kernel_01,0,0.0,0.9008479714393616,5.0,2.55925,0.0,23.0,5.2803
std_s91,standard,1,91,1,nuts,2,Delta,kernel_02,0,0.0,0.8742730617523193,5.0,2.7966,0.0,19.0,6.1984
std_s91,standard,1,91,1,nuts,2,beta_i,kernel_03,0,0.0,0.8308061361312866,4.0,4.0,0.0,15.0,15.0
std_s92,standard,1,92,1,nuts,2,sigma_inv_chol_latent,kernel_00,0,0.0,0.9024535417556764,3.0,2.9555,0.0,7.0,6.822
std_s92,standard,1,92,1,nuts,2,mu,kernel_01,0,0.0,0.9171754717826844,4.0,2.6193,0.0,15.0,5.4837
std_s92,standard,1,92,1,nuts,2,Delta,kernel_02,0,0.0,0.9091808795928956,3.0,2.9113,0.0,7.0,6.6451
std_s92,standard,1,92,1,nuts,2,beta_i,kernel_03,0,0.0,0.8699868321418762,5.0,4.9999,0.0,31.0,30.9984
std_s93,standard,1,93,1,nuts,2,sigma_inv_chol_latent,kernel_00,0,0.0,0.8987436294555664,3.0,2.94915,0.0,7.0,6.7966
std_s93,standard,1,93,1,nuts,2,mu,kernel_01,0,0.0,0.9024121165275574,5.0,2.58055,0.0,31.0,5.3473
std_s93,standard,1,93,1,nuts,2,Delta,kernel_02,0,0.0,0.909218728542328,4.0,2.9168,0.0,15.0,6.6674
std_s93,standard,1,93,1,nuts,2,beta_i,kernel_03,0,0.0,0.8740267753601074,5.0,5.0,0.0,31.0,31.0
std_s94,standard,1,94,1,nuts,2,sigma_inv_chol_latent,kernel_00,0,0.0,0.9000118970870972,3.0,2.9436,0.0,7.0,6.7744
std_s94,standard,1,94,1,nuts,2,mu,kernel_01,0,0.0,0.9016157984733582,5.0,2.53855,0.0,31.0,5.1882
std_s94,standard,1,94,1,nuts,2,Delta,kernel_02,0,0.0,0.8702087998390198,5.0,2.7607,0.0,31.0,6.0595
std_s94,standard,1,94,1,nuts,2,beta_i,kernel_03,0,0.0,0.8649874925613403,6.0,4.7538,0.0,47.0,27.0608
std_s95,standard,1,95,1,nuts,2,sigma_inv_chol_latent,kernel_00,0,0.0,0.8680338859558105,4.0,2.86675,0.0,15.0,6.4674
std_s95,standard,1,95,1,nuts,2,mu,kernel_01,0,0.0,0.9191365242004396,4.0,2.6335,0.0,15.0,5.5451
std_s95,standard,1,95,1,nuts,2,Delta,kernel_02,0,0.0,0.8936850428581238,4.0,2.8544,0.0,15.0,6.418
std_s95,standard,1,95,1,nuts,2,beta_i,kernel_03,0,0.0,0.855161726474762,6.0,4.06525,0.0,63.0,16.068
std_s96,standard,1,96,1,nuts,2,sigma_inv_chol_latent,kernel_00,0,0.0,0.8839384913444519,3.0,2.9196,0.0,7.0,6.6783
std_s96,standard,1,96,1,nuts,2,mu,kernel_01,0,0.0,0.8985494375228882,5.0,2.5403,0.0,23.0,5.1973
std_s96,standard,1,96,1,nuts,2,Delta,kernel_02,0,0.0,0.8838679790496826,4.0,2.83775,0.0,15.0,6.353
std_s96,standard,1,96,1,nuts,2,beta_i,kernel_03,0,0.0,0.8514522314071655,6.0,4.2435,0.0,47.0,18.896
std_s97,standard,1,97,1,nuts,2,sigma_inv_chol_latent,kernel_00,0,0.0,0.9111279249191284,4.0,2.972,0.0,15.0,6.8884
std_s97,standard,1,97,1,nuts,2,mu,kernel_01,0,0.0,0.9066784977912904,5.0,2.63475,0.0,23.0,5.5638
std_s97,standard,1,97,1,nuts,2,Delta,kernel_02,0,0.0,0.8807767629623413,5.0,2.8461,0.0,23.0,6.3917
std_s97,standard,1,97,1,nuts,2,beta_i,kernel_03,0,0.0,0.8650933504104614,5.0,4.6938,0.0,31.0,26.1008
std_s98,standard,1,98,1,nuts,2,sigma_inv_chol_latent,kernel_00,0,0.0,0.8931297063827515,3.0,2.9406,0.0,7.0,6.7624
std_s98,standard,1,98,1,nuts,2,mu,kernel_01,0,0.0,0.9314708709716796,3.0,2.7225,0.0,7.0,5.8923
std_s98,standard,1,98,1,nuts,2,Delta,kernel_02,0,0.0,0.8915377855300903,4.0,2.8592,0.0,15.0,6.4371
std_s98,standard,1,98,1,nuts,2,beta_i,kernel_03,0,0.0,0.860405445098877,5.0,4.86495,0.0,31.0,28.8392
std_s99,standard,1,99,1,nuts,2,sigma_inv_chol_latent,kernel_00,0,0.0,0.909453809261322,6.0,2.9794,0.0,39.0,6.9256
std_s99,standard,1,99,1,nuts,2,mu,kernel_01,0,0.0,0.9026857614517212,5.0,2.54545,0.0,19.0,5.2165
std_s99,standard,1,99,1,nuts,2,Delta,kernel_02,0,0.0,0.8841201066970825,5.0,2.82515,0.0,23.0,6.3037
std_s99,standard,1,99,1,nuts,2,beta_i,kernel_03,0,0.0,0.8382667899131775,5.0,4.99245,0.0,31.0,30.8792
